Tarih,Sezon,Lig,Ev Sahibi,Deplasman,MS Skor,IY Skor,MS Sonucu,Toplam Gol,KG Var
2026-07-31,2026,Premier League,Zorya Luhansk,Kolos Kovalivka,2 - 0,0 - 0,1,2,Yok
2026-08-01,2026,Premier League,Kryvbas KR,Karpaty,1 - 4,1 - 1,2,5,Evet
2026-08-01,2026,Premier League,FC Kharkiv,Veres Rivne,1 - 0,0 - 0,1,1,Yok
2026-08-02,2026,Premier League,Chornomorets,Polessya,1 - 2,1 - 1,2,3,Evet
2026-08-02,2026,Premier League,Epitsentr Dunayivtsi,Obolon'-Brovar,3 - 0,0 - 0,1,3,Yok
2026-08-03,2026,Premier League,Bukovyna,LNZ Cherkasy,0 - 0,0 - 0,X,0,Yok
2026-08-03,2026,Premier League,Shakhtar Donetsk,Kudrivka,5 - 1,1 - 1,1,6,Evet
2026-08-08,2026,Premier League,Livyi Bereh,Kudrivka,0 - 0,0 - 0,X,0,Yok
2026-08-08,2026,Premier League,Bukovyna,Obolon'-Brovar,0 - 0,0 - 0,X,0,Yok
2026-08-09,2026,Premier League,Zorya Luhansk,Kryvbas KR,1 - 3,1 - 0,2,4,Evet
2026-08-09,2026,Premier League,Epitsentr Dunayivtsi,Shakhtar Donetsk,0 - 2,0 - 0,2,2,Yok
2026-08-09,2026,Premier League,Veres Rivne,Dynamo Kyiv,1 - 2,0 - 1,2,3,Evet
2026-08-10,2026,Premier League,Polessya,FC Kharkiv,3 - 1,1 - 0,1,4,Evet
2026-08-10,2026,Premier League,Karpaty,LNZ Cherkasy,3 - 0,0 - 0,1,3,Yok
2026-08-14,2026,Premier League,Epitsentr Dunayivtsi,Veres Rivne,0 - 0,0 - 0,X,0,Yok
2026-08-15,2026,Premier League,Kryvbas KR,Livyi Bereh,1 - 1,1 - 0,X,2,Evet
2026-08-15,2026,Premier League,Kudrivka,Obolon'-Brovar,0 - 0,0 - 0,X,0,Yok
2026-08-15,2026,Premier League,Karpaty,Bukovyna,3 - 0,2 - 0,1,3,Yok
2026-08-16,2026,Premier League,LNZ Cherkasy,Chornomorets,2 - 0,1 - 0,1,2,Yok
2026-08-16,2026,Premier League,FC Kharkiv,Shakhtar Donetsk,0 - 1,0 - 1,2,1,Yok
2026-08-16,2026,Premier League,Dynamo Kyiv,Kolos Kovalivka,2 - 1,1 - 1,1,3,Evet
2026-08-17,2026,Premier League,Polessya,Zorya Luhansk,1 - 2,1 - 0,2,3,Evet
2026-08-28,2026,Premier League,Kolos Kovalivka,Obolon'-Brovar,0 - 0,0 - 0,X,0,Yok
2026-08-29,2026,Premier League,Kudrivka,Epitsentr Dunayivtsi,0 - 3,0 - 1,2,3,Yok
2026-08-29,2026,Premier League,Livyi Bereh,Karpaty,1 - 1,0 - 0,X,2,Evet
2026-08-29,2026,Premier League,Shakhtar Donetsk,Polessya,0 - 2,0 - 1,2,2,Yok
2026-08-30,2026,Premier League,Chornomorets,Kryvbas KR,1 - 0,0 - 0,1,1,Yok
2026-08-30,2026,Premier League,LNZ Cherkasy,Veres Rivne,0 - 1,0 - 0,2,1,Yok
2026-08-31,2026,Premier League,Zorya Luhansk,FC Kharkiv,0 - 3,0 - 1,2,3,Yok
2026-08-31,2026,Premier League,Bukovyna,Dynamo Kyiv,3 - 0,1 - 0,1,3,Yok
2026-09-04,2026,Premier League,Chornomorets,Livyi Bereh,0 - 0,0 - 0,X,0,Yok
2026-09-04,2026,Premier League,Polessya,Kudrivka,5 - 1,2 - 1,1,6,Evet
2026-09-05,2026,Premier League,FC Kharkiv,Obolon'-Brovar,5 - 0,5 - 0,1,5,Yok
2026-09-05,2026,Premier League,Kryvbas KR,Kolos Kovalivka,2 - 2,1 - 1,X,4,Evet
2026-09-05,2026,Premier League,Karpaty,Shakhtar Donetsk,1 - 2,1 - 1,2,3,Evet
2026-09-06,2026,Premier League,Dynamo Kyiv,LNZ Cherkasy,0 - 0,0 - 0,X,0,Yok
2026-09-06,2026,Premier League,Veres Rivne,Zorya Luhansk,1 - 1,1 - 1,X,2,Evet
2026-09-06,2026,Premier League,Epitsentr Dunayivtsi,Bukovyna,0 - 0,0 - 0,X,0,Yok
2026-09-11,2026,Premier League,Kolos Kovalivka,Karpaty,0 - 2,0 - 2,2,2,Yok
2026-09-12,2026,Premier League,LNZ Cherkasy,Obolon'-Brovar,3 - 1,3 - 0,1,4,Evet
2026-09-13,2026,Premier League,Polessya,Livyi Bereh,1 - 0,1 - 0,1,1,Yok
2026-09-13,2026,Premier League,Bukovyna,Zorya Luhansk,1 - 1,0 - 1,X,2,Evet
2026-09-14,2026,Premier League,Dynamo Kyiv,Epitsentr Dunayivtsi,3 - 0,1 - 0,1,3,Yok
2026-09-14,2026,Premier League,Shakhtar Donetsk,Chornomorets,2 - 0,2 - 0,1,2,Yok
2026-09-18,2026,Premier League,Chornomorets,Obolon'-Brovar,1 - 1,1 - 0,X,2,Evet
2026-09-18,2026,Premier League,Polessya,Kryvbas KR,1 - 0,1 - 0,1,1,Yok
2026-09-19,2026,Premier League,FC Kharkiv,Bukovyna,2 - 0,0 - 0,1,2,Yok
2026-09-19,2026,Premier League,Zorya Luhansk,Dynamo Kyiv,0 - 2,0 - 0,2,2,Yok
2026-09-19,2026,Premier League,Epitsentr Dunayivtsi,Livyi Bereh,0 - 2,0 - 1,2,2,Yok
2026-09-20,2026,Premier League,Kudrivka,Kolos Kovalivka,2 - 3,1 - 2,2,5,Evet
2026-09-20,2026,Premier League,Karpaty,Veres Rivne,1 - 1,1 - 0,X,2,Evet
2026-09-20,2026,Premier League,Shakhtar Donetsk,LNZ Cherkasy,3 - 0,0 - 0,1,3,Yok
2025-08-01,2025,Premier League,Kolos Kovalivka,Kryvbas KR,2 - 1,1 - 0,1,3,Evet
2025-08-01,2025,Premier League,Ruh Lviv,SK Poltava,2 - 1,1 - 1,1,3,Evet
2025-08-02,2025,Premier League,Veres Rivne,Dynamo Kyiv,0 - 1,0 - 1,2,1,Yok
2025-08-02,2025,Premier League,Zorya Luhansk,LNZ Cherkasy,0 - 0,0 - 0,X,0,Yok
2025-08-03,2025,Premier League,Kudrivka,Oleksandria,3 - 1,2 - 1,1,4,Evet
2025-08-03,2025,Premier League,Epitsentr Dunayivtsi,Shakhtar Donetsk,0 - 1,0 - 0,2,1,Yok
2025-08-03,2025,Premier League,Karpaty,Polessya,0 - 2,0 - 2,2,2,Yok
2025-08-04,2025,Premier League,FC Kharkiv,Obolon'-Brovar,0 - 0,0 - 0,X,0,Yok
2025-08-08,2025,Premier League,SK Poltava,Veres Rivne,1 - 0,1 - 0,1,1,Yok
2025-08-08,2025,Premier League,Ruh Lviv,Dynamo Kyiv,1 - 5,0 - 1,2,6,Evet
2025-08-09,2025,Premier League,Kryvbas KR,FC Kharkiv,2 - 0,1 - 0,1,2,Yok
2025-08-09,2025,Premier League,LNZ Cherkasy,Epitsentr Dunayivtsi,1 - 0,1 - 0,1,1,Yok
2025-08-10,2025,Premier League,Obolon'-Brovar,Oleksandria,1 - 0,0 - 0,1,1,Yok
2025-08-10,2025,Premier League,Polessya,Kolos Kovalivka,0 - 1,0 - 0,2,1,Yok
2025-08-10,2025,Premier League,Karpaty,Shakhtar Donetsk,3 - 3,1 - 2,X,6,Evet
2025-08-11,2025,Premier League,Zorya Luhansk,Kudrivka,2 - 1,1 - 0,1,3,Evet
2025-08-15,2025,Premier League,Ruh Lviv,Obolon'-Brovar,1 - 2,0 - 1,2,3,Evet
2025-08-16,2025,Premier League,Oleksandria,FC Kharkiv,1 - 4,0 - 0,2,5,Evet
2025-08-16,2025,Premier League,Kolos Kovalivka,Karpaty,1 - 1,1 - 0,X,2,Evet
2025-08-16,2025,Premier League,Epitsentr Dunayivtsi,Dynamo Kyiv,1 - 4,1 - 2,2,5,Evet
2025-08-17,2025,Premier League,Kudrivka,SK Poltava,3 - 1,2 - 0,1,4,Evet
2025-08-17,2025,Premier League,Veres Rivne,Shakhtar Donetsk,0 - 2,0 - 1,2,2,Yok
2025-08-17,2025,Premier League,Polessya,LNZ Cherkasy,0 - 2,0 - 1,2,2,Yok
2025-08-18,2025,Premier League,Zorya Luhansk,Kryvbas KR,2 - 3,1 - 2,2,5,Evet
2025-08-29,2025,Premier League,SK Poltava,Zorya Luhansk,1 - 4,0 - 3,2,5,Evet
2025-08-29,2025,Premier League,Kudrivka,Karpaty,2 - 2,2 - 0,X,4,Evet
2025-08-30,2025,Premier League,Kryvbas KR,Obolon'-Brovar,2 - 1,0 - 0,1,3,Evet
2025-08-30,2025,Premier League,Kolos Kovalivka,Epitsentr Dunayivtsi,1 - 0,0 - 0,1,1,Yok
2025-08-30,2025,Premier League,FC Kharkiv,Ruh Lviv,2 - 0,2 - 0,1,2,Yok
2025-08-31,2025,Premier League,LNZ Cherkasy,Veres Rivne,0 - 2,0 - 1,2,2,Yok
2025-08-31,2025,Premier League,Dynamo Kyiv,Polessya,4 - 1,3 - 1,1,5,Evet
2025-08-31,2025,Premier League,Shakhtar Donetsk,Oleksandria,2 - 0,2 - 0,1,2,Yok
2025-09-12,2025,Premier League,Oleksandria,LNZ Cherkasy,4 - 1,1 - 1,1,5,Evet
2025-09-12,2025,Premier League,Veres Rivne,Kudrivka,2 - 0,1 - 0,1,2,Yok
2025-09-13,2025,Premier League,Ruh Lviv,Epitsentr Dunayivtsi,0 - 1,0 - 0,2,1,Yok
2025-09-13,2025,Premier League,Obolon'-Brovar,Dynamo Kyiv,2 - 2,1 - 2,X,4,Evet
2025-09-13,2025,Premier League,FC Kharkiv,Shakhtar Donetsk,1 - 1,0 - 1,X,2,Evet
2025-09-14,2025,Premier League,Kryvbas KR,Polessya,0 - 1,0 - 0,2,1,Yok
2025-09-14,2025,Premier League,Zorya Luhansk,Kolos Kovalivka,1 - 3,0 - 2,2,4,Evet
2025-09-14,2025,Premier League,Karpaty,SK Poltava,1 - 1,0 - 1,X,2,Evet
2025-09-20,2025,Premier League,Kolos Kovalivka,Veres Rivne,0 - 0,0 - 0,X,0,Yok
2025-09-20,2025,Premier League,Polessya,Kudrivka,2 - 0,0 - 0,1,2,Yok
2025-09-21,2025,Premier League,SK Poltava,FC Kharkiv,0 - 2,0 - 1,2,2,Yok
2025-09-21,2025,Premier League,LNZ Cherkasy,Ruh Lviv,1 - 0,1 - 0,1,1,Yok
2025-09-21,2025,Premier League,Epitsentr Dunayivtsi,Kryvbas KR,4 - 5,2 - 3,2,9,Evet
2025-09-22,2025,Premier League,Obolon'-Brovar,Karpaty,0 - 2,0 - 1,2,2,Yok
2025-09-22,2025,Premier League,Dynamo Kyiv,Oleksandria,2 - 2,1 - 1,X,4,Evet
2025-09-22,2025,Premier League,Shakhtar Donetsk,Zorya Luhansk,1 - 0,0 - 0,1,1,Yok
2025-09-26,2025,Premier League,Kudrivka,Epitsentr Dunayivtsi,2 - 1,0 - 1,1,3,Evet
2025-09-27,2025,Premier League,Oleksandria,SK Poltava,1 - 0,1 - 0,1,1,Yok
2025-09-27,2025,Premier League,Zorya Luhansk,Obolon'-Brovar,0 - 0,0 - 0,X,0,Yok
2025-09-27,2025,Premier League,Karpaty,Dynamo Kyiv,3 - 3,2 - 1,X,6,Evet
2025-09-28,2025,Premier League,LNZ Cherkasy,Kryvbas KR,0 - 0,0 - 0,X,0,Yok
2025-09-28,2025,Premier League,FC Kharkiv,Kolos Kovalivka,1 - 0,0 - 0,1,1,Yok
2025-09-28,2025,Premier League,Ruh Lviv,Shakhtar Donetsk,0 - 4,0 - 2,2,4,Yok
2025-09-29,2025,Premier League,Veres Rivne,Polessya,1 - 4,0 - 3,2,5,Evet
2025-10-03,2025,Premier League,Kolos Kovalivka,Ruh Lviv,0 - 2,0 - 0,2,2,Yok
2025-10-03,2025,Premier League,Epitsentr Dunayivtsi,Zorya Luhansk,1 - 2,0 - 2,2,3,Evet
2025-10-04,2025,Premier League,Oleksandria,Karpaty,0 - 2,0 - 1,2,2,Yok
2025-10-04,2025,Premier League,Obolon'-Brovar,Veres Rivne,1 - 1,1 - 1,X,2,Evet
2025-10-04,2025,Premier League,Polessya,SK Poltava,4 - 0,3 - 0,1,4,Yok
2025-10-05,2025,Premier League,Kryvbas KR,Kudrivka,3 - 1,1 - 0,1,4,Evet
2025-10-05,2025,Premier League,Dynamo Kyiv,FC Kharkiv,1 - 1,1 - 0,X,2,Evet
2025-10-05,2025,Premier League,Shakhtar Donetsk,LNZ Cherkasy,1 - 4,0 - 1,2,5,Evet
2025-10-17,2025,Premier League,SK Poltava,Obolon'-Brovar,1 - 2,0 - 1,2,3,Evet
2025-10-18,2025,Premier League,Ruh Lviv,Kryvbas KR,1 - 2,0 - 1,2,3,Evet
2025-10-18,2025,Premier League,Zorya Luhansk,Dynamo Kyiv,1 - 1,0 - 0,X,2,Evet
2025-10-18,2025,Premier League,Polessya,Shakhtar Donetsk,0 - 0,0 - 0,X,0,Yok
2025-10-19,2025,Premier League,LNZ Cherkasy,Kolos Kovalivka,1 - 0,0 - 0,1,1,Yok
2025-10-19,2025,Premier League,Veres Rivne,Oleksandria,1 - 1,0 - 0,X,2,Evet
2025-10-19,2025,Premier League,Karpaty,Epitsentr Dunayivtsi,1 - 3,0 - 0,2,4,Evet
2025-10-20,2025,Premier League,Kudrivka,FC Kharkiv,1 - 1,1 - 0,X,2,Evet
2025-10-24,2025,Premier League,Oleksandria,Epitsentr Dunayivtsi,0 - 1,0 - 1,2,1,Yok
2025-10-24,2025,Premier League,Veres Rivne,Zorya Luhansk,0 - 0,0 - 0,X,0,Yok
2025-10-25,2025,Premier League,FC Kharkiv,LNZ Cherkasy,0 - 1,0 - 0,2,1,Yok
2025-10-25,2025,Premier League,Karpaty,Ruh Lviv,0 - 0,0 - 0,X,0,Yok
2025-10-25,2025,Premier League,Obolon'-Brovar,Polessya,0 - 4,0 - 2,2,4,Yok
2025-10-26,2025,Premier League,SK Poltava,Kolos Kovalivka,2 - 2,1 - 0,X,4,Evet
2025-10-26,2025,Premier League,Shakhtar Donetsk,Kudrivka,4 - 0,2 - 0,1,4,Yok
2025-10-26,2025,Premier League,Dynamo Kyiv,Kryvbas KR,4 - 0,3 - 0,1,4,Yok
2025-10-31,2025,Premier League,Kudrivka,Obolon'-Brovar,1 - 0,1 - 0,1,1,Yok
2025-11-01,2025,Premier League,Kryvbas KR,SK Poltava,2 - 2,1 - 2,X,4,Evet
2025-11-01,2025,Premier League,Kolos Kovalivka,Oleksandria,1 - 1,0 - 1,X,2,Evet
2025-11-01,2025,Premier League,Epitsentr Dunayivtsi,Veres Rivne,2 - 3,0 - 1,2,5,Evet
2025-11-02,2025,Premier League,Zorya Luhansk,Ruh Lviv,1 - 0,1 - 0,1,1,Yok
2025-11-02,2025,Premier League,Shakhtar Donetsk,Dynamo Kyiv,3 - 1,1 - 0,1,4,Evet
2025-11-03,2025,Premier League,LNZ Cherkasy,Karpaty,0 - 1,0 - 1,2,1,Yok
2025-11-03,2025,Premier League,Polessya,FC Kharkiv,0 - 0,0 - 0,X,0,Yok
2025-11-07,2025,Premier League,Epitsentr Dunayivtsi,Obolon'-Brovar,1 - 2,0 - 2,2,3,Evet
2025-11-07,2025,Premier League,Kudrivka,Kolos Kovalivka,1 - 3,1 - 0,2,4,Evet
2025-11-08,2025,Premier League,FC Kharkiv,Zorya Luhansk,1 - 3,1 - 2,2,4,Evet
2025-11-08,2025,Premier League,Veres Rivne,Ruh Lviv,1 - 0,0 - 0,1,1,Yok
2025-11-08,2025,Premier League,Karpaty,Kryvbas KR,1 - 0,0 - 0,1,1,Yok
2025-11-09,2025,Premier League,Oleksandria,Polessya,0 - 3,0 - 1,2,3,Yok
2025-11-09,2025,Premier League,Dynamo Kyiv,LNZ Cherkasy,0 - 1,0 - 1,2,1,Yok
2025-11-09,2025,Premier League,Shakhtar Donetsk,SK Poltava,7 - 1,2 - 0,1,8,Evet
2025-11-21,2025,Premier League,SK Poltava,LNZ Cherkasy,0 - 2,0 - 1,2,2,Yok
2025-11-22,2025,Premier League,Karpaty,FC Kharkiv,1 - 2,1 - 1,2,3,Evet
2025-11-22,2025,Premier League,Kolos Kovalivka,Dynamo Kyiv,2 - 1,2 - 0,1,3,Evet
2025-11-22,2025,Premier League,Obolon'-Brovar,Shakhtar Donetsk,0 - 6,0 - 1,2,6,Yok
2025-11-23,2025,Premier League,Kryvbas KR,Veres Rivne,2 - 2,2 - 0,X,4,Evet
2025-11-23,2025,Premier League,Polessya,Epitsentr Dunayivtsi,0 - 0,0 - 0,X,0,Yok
2025-11-23,2025,Premier League,Ruh Lviv,Kudrivka,4 - 2,2 - 0,1,6,Evet
2025-11-24,2025,Premier League,Zorya Luhansk,Oleksandria,2 - 2,0 - 0,X,4,Evet
2025-11-28,2025,Premier League,Obolon'-Brovar,Kolos Kovalivka,0 - 0,0 - 0,X,0,Yok
2025-11-29,2025,Premier League,LNZ Cherkasy,Kudrivka,1 - 0,1 - 0,1,1,Yok
2025-11-29,2025,Premier League,Veres Rivne,Karpaty,0 - 0,0 - 0,X,0,Yok
2025-11-30,2025,Premier League,Oleksandria,Ruh Lviv,0 - 1,0 - 1,2,1,Yok
2025-11-30,2025,Premier League,Epitsentr Dunayivtsi,FC Kharkiv,0 - 0,0 - 0,X,0,Yok
2025-11-30,2025,Premier League,Polessya,Zorya Luhansk,2 - 0,1 - 0,1,2,Yok
2025-12-01,2025,Premier League,Dynamo Kyiv,SK Poltava,1 - 2,0 - 1,2,3,Evet
2025-12-01,2025,Premier League,Shakhtar Donetsk,Kryvbas KR,2 - 2,1 - 2,X,4,Evet
2025-12-05,2025,Premier League,Zorya Luhansk,Karpaty,1 - 0,1 - 0,1,1,Yok
2025-12-06,2025,Premier League,LNZ Cherkasy,Obolon'-Brovar,3 - 0,1 - 0,1,3,Yok
2025-12-06,2025,Premier League,Kolos Kovalivka,Shakhtar Donetsk,0 - 0,0 - 0,X,0,Yok
2025-12-06,2025,Premier League,Kudrivka,Dynamo Kyiv,1 - 2,0 - 2,2,3,Evet
2025-12-07,2025,Premier League,Kryvbas KR,Oleksandria,3 - 0,1 - 0,1,3,Yok
2025-12-07,2025,Premier League,Ruh Lviv,Polessya,1 - 0,1 - 0,1,1,Yok
2025-12-08,2025,Premier League,SK Poltava,Epitsentr Dunayivtsi,0 - 3,0 - 1,2,3,Yok
2025-12-12,2025,Premier League,Oleksandria,Kudrivka,1 - 1,1 - 0,X,2,Evet
2025-12-12,2025,Premier League,Obolon'-Brovar,FC Kharkiv,1 - 3,1 - 0,2,4,Evet
2025-12-13,2025,Premier League,Kryvbas KR,Kolos Kovalivka,1 - 1,1 - 0,X,2,Evet
2025-12-13,2025,Premier League,LNZ Cherkasy,Zorya Luhansk,2 - 0,1 - 0,1,2,Yok
2025-12-13,2025,Premier League,Polessya,Karpaty,3 - 2,2 - 0,1,5,Evet
2025-12-14,2025,Premier League,SK Poltava,Ruh Lviv,1 - 2,0 - 1,2,3,Evet
2025-12-14,2025,Premier League,Dynamo Kyiv,Veres Rivne,3 - 0,2 - 0,1,3,Yok
2025-12-14,2025,Premier League,Shakhtar Donetsk,Epitsentr Dunayivtsi,5 - 0,2 - 0,1,5,Yok
2026-02-20,2025,Premier League,Veres Rivne,SK Poltava,3 - 2,1 - 2,1,5,Evet
2026-02-20,2025,Premier League,Dynamo Kyiv,Ruh Lviv,1 - 0,0 - 0,1,1,Yok
2026-02-21,2025,Premier League,Epitsentr Dunayivtsi,LNZ Cherkasy,0 - 2,0 - 1,2,2,Yok
2026-02-21,2025,Premier League,FC Kharkiv,Kryvbas KR,0 - 0,0 - 0,X,0,Yok
2026-02-22,2025,Premier League,Kolos Kovalivka,Polessya,0 - 2,0 - 1,2,2,Yok
2026-02-22,2025,Premier League,Shakhtar Donetsk,Karpaty,3 - 0,0 - 0,1,3,Yok
2026-02-23,2025,Premier League,Kudrivka,Zorya Luhansk,2 - 2,0 - 2,X,4,Evet
2026-02-27,2025,Premier League,Dynamo Kyiv,Epitsentr Dunayivtsi,4 - 0,1 - 0,1,4,Yok
2026-02-27,2025,Premier League,Shakhtar Donetsk,Veres Rivne,1 - 0,0 - 0,1,1,Yok
2026-02-28,2025,Premier League,LNZ Cherkasy,Polessya,1 - 3,0 - 2,2,4,Evet
2026-02-28,2025,Premier League,FC Kharkiv,Oleksandria,1 - 0,0 - 0,1,1,Yok
2026-03-01,2025,Premier League,Kryvbas KR,Zorya Luhansk,3 - 1,3 - 1,1,4,Evet
2026-03-01,2025,Premier League,Obolon'-Brovar,Ruh Lviv,1 - 0,1 - 0,1,1,Yok
2026-03-01,2025,Premier League,Karpaty,Kolos Kovalivka,0 - 1,0 - 0,2,1,Yok
2026-03-02,2025,Premier League,SK Poltava,Kudrivka,0 - 2,0 - 0,2,2,Yok
2026-03-06,2025,Premier League,Oleksandria,Shakhtar Donetsk,0 - 1,0 - 0,2,1,Yok
2026-03-07,2025,Premier League,Epitsentr Dunayivtsi,Kolos Kovalivka,4 - 0,2 - 0,1,4,Yok
2026-03-07,2025,Premier League,Obolon'-Brovar,Kryvbas KR,0 - 0,0 - 0,X,0,Yok
2026-03-08,2025,Premier League,Zorya Luhansk,SK Poltava,4 - 0,2 - 0,1,4,Yok
2026-03-08,2025,Premier League,Karpaty,Kudrivka,1 - 1,1 - 0,X,2,Evet
2026-03-08,2025,Premier League,Polessya,Dynamo Kyiv,1 - 2,1 - 1,2,3,Evet
2026-03-09,2025,Premier League,Ruh Lviv,FC Kharkiv,0 - 3,0 - 3,2,3,Yok
2026-03-09,2025,Premier League,Veres Rivne,LNZ Cherkasy,0 - 3,0 - 1,2,3,Yok
2026-03-13,2025,Premier League,SK Poltava,Karpaty,0 - 4,0 - 1,2,4,Yok
2026-03-13,2025,Premier League,Dynamo Kyiv,Obolon'-Brovar,2 - 1,2 - 1,1,3,Evet
2026-03-14,2025,Premier League,LNZ Cherkasy,Oleksandria,2 - 0,1 - 0,1,2,Yok
2026-03-14,2025,Premier League,Kudrivka,Veres Rivne,0 - 0,0 - 0,X,0,Yok
2026-03-14,2025,Premier League,Polessya,Kryvbas KR,2 - 0,1 - 0,1,2,Yok
2026-03-15,2025,Premier League,Epitsentr Dunayivtsi,Ruh Lviv,2 - 0,0 - 0,1,2,Yok
2026-03-15,2025,Premier League,Kolos Kovalivka,Zorya Luhansk,1 - 1,0 - 0,X,2,Evet
2026-03-15,2025,Premier League,Shakhtar Donetsk,FC Kharkiv,1 - 0,0 - 0,1,1,Yok
2026-03-18,2025,Premier League,Kudrivka,Polessya,0 - 2,0 - 2,2,2,Yok
2026-03-19,2025,Premier League,Oleksandria,Dynamo Kyiv,0 - 5,0 - 2,2,5,Yok
2026-03-19,2025,Premier League,FC Kharkiv,SK Poltava,2 - 0,1 - 0,1,2,Yok
2026-03-21,2025,Premier League,Kryvbas KR,Epitsentr Dunayivtsi,2 - 1,2 - 1,1,3,Evet
2026-03-21,2025,Premier League,Ruh Lviv,LNZ Cherkasy,1 - 2,1 - 0,2,3,Evet
2026-03-22,2025,Premier League,Veres Rivne,Kolos Kovalivka,0 - 1,0 - 0,2,1,Yok
2026-03-22,2025,Premier League,Karpaty,Obolon'-Brovar,4 - 0,2 - 0,1,4,Yok
2026-04-03,2025,Premier League,SK Poltava,Oleksandria,3 - 3,1 - 3,X,6,Evet
2026-04-04,2025,Premier League,Kolos Kovalivka,FC Kharkiv,0 - 0,0 - 0,X,0,Yok
2026-04-04,2025,Premier League,Dynamo Kyiv,Karpaty,0 - 1,0 - 1,2,1,Yok
2026-04-05,2025,Premier League,Kryvbas KR,LNZ Cherkasy,0 - 3,0 - 0,2,3,Yok
2026-04-05,2025,Premier League,Shakhtar Donetsk,Ruh Lviv,3 - 0,1 - 0,1,3,Yok
2026-04-05,2025,Premier League,Obolon'-Brovar,Zorya Luhansk,3 - 3,1 - 1,X,6,Evet
2026-04-05,2025,Premier League,Polessya,Veres Rivne,1 - 1,1 - 1,X,2,Evet
2026-04-06,2025,Premier League,Epitsentr Dunayivtsi,Kudrivka,1 - 0,0 - 0,1,1,Yok
2026-04-10,2025,Premier League,SK Poltava,Polessya,0 - 4,0 - 3,2,4,Yok
2026-04-10,2025,Premier League,Ruh Lviv,Kolos Kovalivka,1 - 1,0 - 0,X,2,Evet
2026-04-11,2025,Premier League,Karpaty,Oleksandria,2 - 0,0 - 0,1,2,Yok
2026-04-11,2025,Premier League,FC Kharkiv,Dynamo Kyiv,1 - 0,0 - 0,1,1,Yok
2026-04-11,2025,Premier League,Veres Rivne,Obolon'-Brovar,2 - 0,0 - 0,1,2,Yok
2026-04-12,2025,Premier League,Kudrivka,Kryvbas KR,1 - 2,0 - 1,2,3,Evet
2026-04-12,2025,Premier League,Zorya Luhansk,Epitsentr Dunayivtsi,1 - 0,1 - 0,1,1,Yok
2026-04-13,2025,Premier League,LNZ Cherkasy,Shakhtar Donetsk,2 - 2,2 - 2,X,4,Evet
2026-04-15,2025,Premier League,FC Kharkiv,Veres Rivne,4 - 0,1 - 0,1,4,Yok
2026-04-17,2025,Premier League,Dynamo Kyiv,Zorya Luhansk,3 - 1,1 - 1,1,4,Evet
2026-04-17,2025,Premier League,Obolon'-Brovar,SK Poltava,1 - 1,0 - 0,X,2,Evet
2026-04-18,2025,Premier League,Kolos Kovalivka,LNZ Cherkasy,1 - 0,1 - 0,1,1,Yok
2026-04-18,2025,Premier League,FC Kharkiv,Kudrivka,1 - 0,0 - 0,1,1,Yok
2026-04-19,2025,Premier League,Kryvbas KR,Ruh Lviv,3 - 0,2 - 0,1,3,Yok
2026-04-19,2025,Premier League,Epitsentr Dunayivtsi,Karpaty,0 - 0,0 - 0,X,0,Yok
2026-04-20,2025,Premier League,Oleksandria,Veres Rivne,0 - 3,0 - 2,2,3,Yok
2026-04-20,2025,Premier League,Shakhtar Donetsk,Polessya,1 - 0,0 - 0,1,1,Yok
2026-04-23,2025,Premier League,Zorya Luhansk,Shakhtar Donetsk,1 - 2,0 - 1,2,3,Evet
2026-04-24,2025,Premier League,Kolos Kovalivka,SK Poltava,2 - 0,0 - 0,1,2,Yok
2026-04-25,2025,Premier League,Ruh Lviv,Karpaty,0 - 3,0 - 2,2,3,Yok
2026-04-26,2025,Premier League,Kryvbas KR,Dynamo Kyiv,5 - 6,4 - 1,2,11,Evet
2026-04-26,2025,Premier League,LNZ Cherkasy,FC Kharkiv,1 - 1,0 - 0,X,2,Evet
2026-04-26,2025,Premier League,Polessya,Obolon'-Brovar,3 - 1,1 - 0,1,4,Evet
2026-04-26,2025,Premier League,Kudrivka,Shakhtar Donetsk,1 - 3,0 - 2,2,4,Evet
2026-04-27,2025,Premier League,Epitsentr Dunayivtsi,Oleksandria,1 - 1,1 - 0,X,2,Evet
2026-04-27,2025,Premier League,Zorya Luhansk,Veres Rivne,2 - 0,1 - 0,1,2,Yok
2026-05-01,2025,Premier League,SK Poltava,Kryvbas KR,3 - 3,3 - 2,X,6,Evet
2026-05-02,2025,Premier League,Oleksandria,Kolos Kovalivka,0 - 3,0 - 2,2,3,Yok
2026-05-02,2025,Premier League,Veres Rivne,Epitsentr Dunayivtsi,3 - 3,0 - 2,X,6,Evet
2026-05-02,2025,Premier League,Karpaty,LNZ Cherkasy,0 - 0,0 - 0,X,0,Yok
2026-05-03,2025,Premier League,Obolon'-Brovar,Kudrivka,1 - 1,1 - 0,X,2,Evet
2026-05-03,2025,Premier League,FC Kharkiv,Polessya,0 - 1,0 - 1,2,1,Yok
2026-05-03,2025,Premier League,Dynamo Kyiv,Shakhtar Donetsk,1 - 2,1 - 0,2,3,Evet
2026-05-04,2025,Premier League,Ruh Lviv,Zorya Luhansk,1 - 2,1 - 0,2,3,Evet
2026-05-08,2025,Premier League,Kryvbas KR,Karpaty,1 - 0,1 - 0,1,1,Yok
2026-05-08,2025,Premier League,Kolos Kovalivka,Kudrivka,1 - 0,1 - 0,1,1,Yok
2026-05-08,2025,Premier League,Polessya,Oleksandria,2 - 1,0 - 0,1,3,Evet
2026-05-09,2025,Premier League,Ruh Lviv,Veres Rivne,0 - 0,0 - 0,X,0,Yok
2026-05-09,2025,Premier League,LNZ Cherkasy,Dynamo Kyiv,0 - 0,0 - 0,X,0,Yok
2026-05-09,2025,Premier League,Zorya Luhansk,FC Kharkiv,1 - 1,0 - 1,X,2,Evet
2026-05-09,2025,Premier League,Obolon'-Brovar,Epitsentr Dunayivtsi,2 - 2,0 - 1,X,4,Evet
2026-05-10,2025,Premier League,SK Poltava,Shakhtar Donetsk,0 - 4,0 - 1,2,4,Yok
2026-05-12,2025,Premier League,Oleksandria,Zorya Luhansk,1 - 2,0 - 0,2,3,Evet
2026-05-12,2025,Premier League,Epitsentr Dunayivtsi,Polessya,3 - 2,0 - 0,1,5,Evet
2026-05-12,2025,Premier League,FC Kharkiv,Karpaty,2 - 2,1 - 0,X,4,Evet
2026-05-12,2025,Premier League,Veres Rivne,Kryvbas KR,1 - 3,0 - 1,2,4,Evet
2026-05-13,2025,Premier League,Dynamo Kyiv,Kolos Kovalivka,2 - 1,2 - 0,1,3,Evet
2026-05-13,2025,Premier League,LNZ Cherkasy,SK Poltava,2 - 0,1 - 0,1,2,Yok
2026-05-13,2025,Premier League,Shakhtar Donetsk,Obolon'-Brovar,3 - 1,2 - 1,1,4,Evet
2026-05-14,2025,Premier League,Kudrivka,Ruh Lviv,2 - 1,2 - 0,1,3,Evet
2026-05-16,2025,Premier League,FC Kharkiv,Epitsentr Dunayivtsi,1 - 1,1 - 0,X,2,Evet
2026-05-16,2025,Premier League,SK Poltava,Dynamo Kyiv,0 - 2,0 - 1,2,2,Yok
2026-05-17,2025,Premier League,Ruh Lviv,Oleksandria,1 - 3,0 - 2,2,4,Evet
2026-05-17,2025,Premier League,Kryvbas KR,Shakhtar Donetsk,2 - 3,0 - 2,2,5,Evet
2026-05-17,2025,Premier League,Kolos Kovalivka,Obolon'-Brovar,0 - 2,0 - 2,2,2,Yok
2026-05-17,2025,Premier League,Karpaty,Veres Rivne,2 - 0,0 - 0,1,2,Yok
2026-05-18,2025,Premier League,Zorya Luhansk,Polessya,0 - 0,0 - 0,X,0,Yok
2026-05-18,2025,Premier League,Kudrivka,LNZ Cherkasy,1 - 0,0 - 0,1,1,Yok
2026-05-21,2025,Premier League,Shakhtar Donetsk,Kolos Kovalivka,0 - 1,0 - 0,2,1,Yok
2026-05-23,2025,Premier League,Oleksandria,Kryvbas KR,1 - 1,0 - 0,X,2,Evet
2026-05-23,2025,Premier League,Epitsentr Dunayivtsi,SK Poltava,0 - 0,0 - 0,X,0,Yok
2026-05-23,2025,Premier League,Karpaty,Zorya Luhansk,1 - 2,1 - 0,2,3,Evet
2026-05-24,2025,Premier League,Dynamo Kyiv,Kudrivka,3 - 2,1 - 2,1,5,Evet
2026-05-24,2025,Premier League,Obolon'-Brovar,LNZ Cherkasy,0 - 1,0 - 0,2,1,Yok
2026-05-24,2025,Premier League,Polessya,Ruh Lviv,2 - 0,1 - 0,1,2,Yok
2026-05-24,2025,Premier League,Veres Rivne,FC Kharkiv,0 - 1,0 - 0,2,1,Yok
2026-06-05,2025,Premier League,Oleksandria,Livyi Bereh,1 - 1,1 - 0,X,2,Evet
2026-06-05,2025,Premier League,Kudrivka,Ahrobiznes Volochysk,0 - 0,0 - 0,X,0,Yok
2026-06-09,2025,Premier League,Livyi Bereh,Oleksandria,1 - 0,1 - 0,1,1,Yok
2026-06-09,2025,Premier League,Ahrobiznes Volochysk,Kudrivka,2 - 2,0 - 1,X,4,Evet
2024-07-26,2024,Premier League,Livyi Bereh,FC Kharkiv,1 - 1,1 - 0,X,2,Evet
2024-07-26,2024,Premier League,Epitsentr Dunayivtsi,Minai,3 - 3,1 - 1,X,6,Evet
2024-07-30,2024,Premier League,Livyi Bereh,Minai,3 - 0,2 - 0,1,3,Yok
2024-08-03,2024,Premier League,Veres Rivne,Karpaty,0 - 0,0 - 0,X,0,Yok
2024-08-03,2024,Premier League,Kryvbas KR,Chornomorets,1 - 0,1 - 0,1,1,Yok
2024-08-04,2024,Premier League,LNZ Cherkasy,Livyi Bereh,1 - 0,0 - 0,1,1,Yok
2024-08-04,2024,Premier League,Vorskla Poltava,Shakhtar Donetsk,0 - 5,0 - 2,2,5,Yok
2024-08-04,2024,Premier League,Obolon'-Brovar,Kolos Kovalivka,2 - 2,0 - 0,X,4,Evet
2024-08-04,2024,Premier League,Zorya Luhansk,Inhulets,2 - 1,1 - 1,1,3,Evet
2024-08-09,2024,Premier League,Livyi Bereh,Vorskla Poltava,0 - 3,0 - 0,2,3,Yok
2024-08-09,2024,Premier League,Veres Rivne,Dynamo Kyiv,1 - 2,0 - 2,2,3,Evet
2024-08-10,2024,Premier League,Chornomorets,Zorya Luhansk,0 - 1,0 - 0,2,1,Yok
2024-08-10,2024,Premier League,Kolos Kovalivka,Inhulets,0 - 0,0 - 0,X,0,Yok
2024-08-11,2024,Premier League,Obolon'-Brovar,Ruh Lviv,0 - 4,0 - 1,2,4,Yok
2024-08-11,2024,Premier League,Karpaty,Kryvbas KR,3 - 0,2 - 0,1,3,Yok
2024-08-11,2024,Premier League,Shakhtar Donetsk,Polessya,0 - 1,0 - 1,2,1,Yok
2024-08-12,2024,Premier League,LNZ Cherkasy,Oleksandria,0 - 2,0 - 0,2,2,Yok
2024-08-16,2024,Premier League,Chornomorets,Kolos Kovalivka,1 - 0,1 - 0,1,1,Yok
2024-08-16,2024,Premier League,Vorskla Poltava,Obolon'-Brovar,2 - 0,1 - 0,1,2,Yok
2024-08-17,2024,Premier League,Zorya Luhansk,Oleksandria,1 - 2,0 - 2,2,3,Evet
2024-08-17,2024,Premier League,Polessya,Inhulets,1 - 1,1 - 1,X,2,Evet
2024-08-17,2024,Premier League,Karpaty,Dynamo Kyiv,1 - 3,1 - 1,2,4,Evet
2024-08-18,2024,Premier League,Veres Rivne,Kryvbas KR,0 - 2,0 - 1,2,2,Yok
2024-08-18,2024,Premier League,LNZ Cherkasy,Ruh Lviv,3 - 1,0 - 0,1,4,Evet
2024-08-18,2024,Premier League,Livyi Bereh,Shakhtar Donetsk,0 - 1,0 - 0,2,1,Yok
2024-08-24,2024,Premier League,Oleksandria,Shakhtar Donetsk,4 - 3,2 - 2,1,7,Evet
2024-08-25,2024,Premier League,Polessya,Obolon'-Brovar,4 - 0,3 - 0,1,4,Yok
2024-08-25,2024,Premier League,Ruh Lviv,Zorya Luhansk,3 - 0,1 - 0,1,3,Yok
2024-08-25,2024,Premier League,Kryvbas KR,Inhulets,1 - 1,1 - 1,X,2,Evet
2024-08-26,2024,Premier League,Livyi Bereh,Chornomorets,1 - 0,1 - 0,1,1,Yok
2024-08-26,2024,Premier League,Kolos Kovalivka,Veres Rivne,0 - 1,0 - 0,2,1,Yok
2024-08-26,2024,Premier League,LNZ Cherkasy,Karpaty,2 - 1,0 - 1,1,3,Evet
2024-08-30,2024,Premier League,Obolon'-Brovar,Zorya Luhansk,0 - 2,0 - 1,2,2,Yok
2024-08-30,2024,Premier League,Ruh Lviv,Inhulets,5 - 0,1 - 0,1,5,Yok
2024-08-31,2024,Premier League,Karpaty,Vorskla Poltava,1 - 1,1 - 0,X,2,Evet
2024-08-31,2024,Premier League,Oleksandria,Kolos Kovalivka,2 - 1,1 - 0,1,3,Evet
2024-08-31,2024,Premier League,Chornomorets,Polessya,1 - 4,1 - 3,2,5,Evet
2024-09-01,2024,Premier League,Veres Rivne,Livyi Bereh,1 - 3,1 - 0,2,4,Evet
2024-09-01,2024,Premier League,Dynamo Kyiv,LNZ Cherkasy,1 - 0,1 - 0,1,1,Yok
2024-09-13,2024,Premier League,Obolon'-Brovar,Oleksandria,0 - 0,0 - 0,X,0,Yok
2024-09-14,2024,Premier League,Chornomorets,Inhulets,1 - 0,0 - 0,1,1,Yok
2024-09-14,2024,Premier League,Zorya Luhansk,Dynamo Kyiv,0 - 2,0 - 0,2,2,Yok
2024-09-14,2024,Premier League,Shakhtar Donetsk,Karpaty,5 - 2,4 - 1,1,7,Evet
2024-09-15,2024,Premier League,Vorskla Poltava,Ruh Lviv,0 - 0,0 - 0,X,0,Yok
2024-09-15,2024,Premier League,Livyi Bereh,Kryvbas KR,0 - 1,0 - 0,2,1,Yok
2024-09-15,2024,Premier League,Polessya,Veres Rivne,2 - 1,0 - 1,1,3,Evet
2024-09-16,2024,Premier League,Kolos Kovalivka,LNZ Cherkasy,1 - 1,1 - 0,X,2,Evet
2024-09-18,2024,Premier League,Dynamo Kyiv,Vorskla Poltava,3 - 1,2 - 0,1,4,Evet
2024-09-21,2024,Premier League,Chornomorets,Karpaty,0 - 1,0 - 0,2,1,Yok
2024-09-21,2024,Premier League,Oleksandria,Livyi Bereh,2 - 0,0 - 0,1,2,Yok
2024-09-21,2024,Premier League,Dynamo Kyiv,Ruh Lviv,0 - 0,0 - 0,X,0,Yok
2024-09-22,2024,Premier League,Veres Rivne,Inhulets,2 - 2,0 - 2,X,4,Evet
2024-09-22,2024,Premier League,Kryvbas KR,Vorskla Poltava,1 - 1,1 - 1,X,2,Evet
2024-09-22,2024,Premier League,Polessya,LNZ Cherkasy,1 - 1,0 - 1,X,2,Evet
2024-09-23,2024,Premier League,Kolos Kovalivka,Zorya Luhansk,1 - 0,0 - 0,1,1,Yok
2024-09-23,2024,Premier League,Shakhtar Donetsk,Obolon'-Brovar,4 - 0,1 - 0,1,4,Yok
2024-09-27,2024,Premier League,Veres Rivne,Shakhtar Donetsk,1 - 1,0 - 0,X,2,Evet
2024-09-28,2024,Premier League,Kryvbas KR,Oleksandria,0 - 1,0 - 1,2,1,Yok
2024-09-28,2024,Premier League,LNZ Cherkasy,Chornomorets,1 - 1,1 - 0,X,2,Evet
2024-09-28,2024,Premier League,Karpaty,Polessya,1 - 3,1 - 2,2,4,Evet
2024-09-29,2024,Premier League,Obolon'-Brovar,Inhulets,2 - 1,0 - 0,1,3,Evet
2024-09-29,2024,Premier League,Ruh Lviv,Kolos Kovalivka,0 - 0,0 - 0,X,0,Yok
2024-09-29,2024,Premier League,Livyi Bereh,Dynamo Kyiv,0 - 3,0 - 1,2,3,Yok
2024-09-30,2024,Premier League,Zorya Luhansk,Vorskla Poltava,2 - 0,1 - 0,1,2,Yok
2024-10-04,2024,Premier League,Chornomorets,Obolon'-Brovar,1 - 0,0 - 0,1,1,Yok
2024-10-04,2024,Premier League,Karpaty,Inhulets,0 - 0,0 - 0,X,0,Yok
2024-10-05,2024,Premier League,Veres Rivne,Zorya Luhansk,2 - 1,1 - 1,1,3,Evet
2024-10-05,2024,Premier League,Oleksandria,Ruh Lviv,1 - 1,0 - 0,X,2,Evet
2024-10-05,2024,Premier League,Kolos Kovalivka,Livyi Bereh,0 - 0,0 - 0,X,0,Yok
2024-10-06,2024,Premier League,Polessya,Vorskla Poltava,2 - 1,1 - 1,1,3,Evet
2024-10-06,2024,Premier League,Shakhtar Donetsk,LNZ Cherkasy,5 - 1,2 - 0,1,6,Evet
2024-10-06,2024,Premier League,Dynamo Kyiv,Kryvbas KR,2 - 1,2 - 1,1,3,Evet
2024-10-18,2024,Premier League,Kolos Kovalivka,Shakhtar Donetsk,0 - 1,0 - 0,2,1,Yok
2024-10-19,2024,Premier League,Oleksandria,Vorskla Poltava,1 - 0,0 - 0,1,1,Yok
2024-10-19,2024,Premier League,Obolon'-Brovar,Dynamo Kyiv,1 - 5,0 - 3,2,6,Evet
2024-10-19,2024,Premier League,Polessya,Livyi Bereh,0 - 0,0 - 0,X,0,Yok
2024-10-20,2024,Premier League,LNZ Cherkasy,Inhulets,2 - 0,1 - 0,1,2,Yok
2024-10-20,2024,Premier League,Chornomorets,Veres Rivne,1 - 1,1 - 0,X,2,Evet
2024-10-20,2024,Premier League,Zorya Luhansk,Kryvbas KR,0 - 1,0 - 0,2,1,Yok
2024-10-21,2024,Premier League,Ruh Lviv,Karpaty,0 - 1,0 - 1,2,1,Yok
2024-10-25,2024,Premier League,Ruh Lviv,Chornomorets,1 - 1,0 - 0,X,2,Evet
2024-10-25,2024,Premier League,Polessya,Kolos Kovalivka,1 - 1,0 - 1,X,2,Evet
2024-10-26,2024,Premier League,Oleksandria,Inhulets,2 - 1,2 - 1,1,3,Evet
2024-10-26,2024,Premier League,Kryvbas KR,LNZ Cherkasy,3 - 1,1 - 0,1,4,Evet
2024-10-26,2024,Premier League,Karpaty,Obolon'-Brovar,1 - 0,1 - 0,1,1,Yok
2024-10-27,2024,Premier League,Livyi Bereh,Zorya Luhansk,0 - 2,0 - 1,2,2,Yok
2024-10-27,2024,Premier League,Veres Rivne,Vorskla Poltava,2 - 2,1 - 0,X,4,Evet
2024-10-27,2024,Premier League,Dynamo Kyiv,Shakhtar Donetsk,1 - 1,0 - 0,X,2,Evet
2024-11-02,2024,Premier League,Karpaty,Livyi Bereh,3 - 0,0 - 0,1,3,Yok
2024-11-02,2024,Premier League,Shakhtar Donetsk,Chornomorets,2 - 1,2 - 1,1,3,Evet
2024-11-03,2024,Premier League,Vorskla Poltava,Kolos Kovalivka,0 - 1,0 - 0,2,1,Yok
2024-11-03,2024,Premier League,Oleksandria,Polessya,1 - 0,0 - 0,1,1,Yok
2024-11-03,2024,Premier League,Dynamo Kyiv,Inhulets,5 - 2,4 - 1,1,7,Evet
2024-11-04,2024,Premier League,Obolon'-Brovar,Veres Rivne,0 - 0,0 - 0,X,0,Yok
2024-11-04,2024,Premier League,Kryvbas KR,Ruh Lviv,1 - 1,0 - 1,X,2,Evet
2024-11-04,2024,Premier League,Zorya Luhansk,LNZ Cherkasy,1 - 2,1 - 0,2,3,Evet
2024-11-08,2024,Premier League,Chornomorets,Vorskla Poltava,0 - 1,0 - 0,2,1,Yok
2024-11-08,2024,Premier League,Livyi Bereh,Inhulets,0 - 0,0 - 0,X,0,Yok
2024-11-09,2024,Premier League,LNZ Cherkasy,Obolon'-Brovar,0 - 1,0 - 0,2,1,Yok
2024-11-09,2024,Premier League,Oleksandria,Karpaty,3 - 0,1 - 0,1,3,Yok
2024-11-09,2024,Premier League,Kolos Kovalivka,Kryvbas KR,1 - 1,0 - 0,X,2,Evet
2024-11-10,2024,Premier League,Veres Rivne,Ruh Lviv,2 - 0,2 - 0,1,2,Yok
2024-11-10,2024,Premier League,Shakhtar Donetsk,Zorya Luhansk,3 - 1,0 - 1,1,4,Evet
2024-11-10,2024,Premier League,Dynamo Kyiv,Polessya,2 - 1,2 - 0,1,3,Evet
2024-11-22,2024,Premier League,Karpaty,Kolos Kovalivka,1 - 0,1 - 0,1,1,Yok
2024-11-23,2024,Premier League,Vorskla Poltava,LNZ Cherkasy,2 - 0,1 - 0,1,2,Yok
2024-11-23,2024,Premier League,Dynamo Kyiv,Chornomorets,3 - 1,1 - 0,1,4,Evet
2024-11-23,2024,Premier League,Shakhtar Donetsk,Inhulets,6 - 0,1 - 0,1,6,Yok
2024-11-24,2024,Premier League,Obolon'-Brovar,Kryvbas KR,0 - 1,0 - 1,2,1,Yok
2024-11-24,2024,Premier League,Veres Rivne,Oleksandria,1 - 1,1 - 0,X,2,Evet
2024-11-24,2024,Premier League,Ruh Lviv,Livyi Bereh,1 - 0,1 - 0,1,1,Yok
2024-11-25,2024,Premier League,Polessya,Zorya Luhansk,1 - 1,0 - 0,X,2,Evet
2024-11-29,2024,Premier League,Vorskla Poltava,Inhulets,0 - 3,0 - 2,2,3,Yok
2024-11-30,2024,Premier League,LNZ Cherkasy,Veres Rivne,1 - 2,1 - 1,2,3,Evet
2024-11-30,2024,Premier League,Kryvbas KR,Polessya,3 - 1,1 - 0,1,4,Evet
2024-11-30,2024,Premier League,Livyi Bereh,Obolon'-Brovar,1 - 1,0 - 1,X,2,Evet
2024-12-01,2024,Premier League,Oleksandria,Chornomorets,3 - 0,1 - 0,1,3,Yok
2024-12-01,2024,Premier League,Kolos Kovalivka,Dynamo Kyiv,1 - 1,1 - 1,X,2,Evet
2024-12-01,2024,Premier League,Shakhtar Donetsk,Ruh Lviv,1 - 1,1 - 0,X,2,Evet
2024-12-02,2024,Premier League,Zorya Luhansk,Karpaty,2 - 1,0 - 1,1,3,Evet
2024-12-04,2024,Premier League,Oleksandria,Dynamo Kyiv,0 - 0,0 - 0,X,0,Yok
2024-12-04,2024,Premier League,Ruh Lviv,Polessya,1 - 1,0 - 0,X,2,Evet
2024-12-05,2024,Premier League,Shakhtar Donetsk,Vorskla Poltava,3 - 1,3 - 0,1,4,Evet
2024-12-07,2024,Premier League,Livyi Bereh,LNZ Cherkasy,3 - 1,1 - 1,1,4,Evet
2024-12-07,2024,Premier League,Chornomorets,Kryvbas KR,1 - 3,1 - 2,2,4,Evet
2024-12-07,2024,Premier League,Karpaty,Veres Rivne,5 - 0,2 - 0,1,5,Yok
2024-12-08,2024,Premier League,Kolos Kovalivka,Obolon'-Brovar,0 - 0,0 - 0,X,0,Yok
2024-12-08,2024,Premier League,Dynamo Kyiv,Oleksandria,3 - 0,2 - 0,1,3,Yok
2024-12-09,2024,Premier League,Polessya,Ruh Lviv,0 - 1,0 - 1,2,1,Yok
2024-12-13,2024,Premier League,Vorskla Poltava,Livyi Bereh,0 - 1,0 - 0,2,1,Yok
2024-12-14,2024,Premier League,Oleksandria,LNZ Cherkasy,1 - 1,1 - 0,X,2,Evet
2024-12-14,2024,Premier League,Kryvbas KR,Karpaty,2 - 0,1 - 0,1,2,Yok
2024-12-14,2024,Premier League,Zorya Luhansk,Chornomorets,2 - 1,1 - 0,1,3,Evet
2024-12-15,2024,Premier League,Inhulets,Kolos Kovalivka,0 - 2,0 - 1,2,2,Yok
2024-12-15,2024,Premier League,Ruh Lviv,Obolon'-Brovar,1 - 3,0 - 1,2,4,Evet
2024-12-15,2024,Premier League,Polessya,Shakhtar Donetsk,1 - 0,0 - 0,1,1,Yok
2024-12-16,2024,Premier League,Dynamo Kyiv,Veres Rivne,1 - 0,1 - 0,1,1,Yok
2025-02-21,2024,Premier League,Kolos Kovalivka,Chornomorets,1 - 2,1 - 1,2,3,Evet
2025-02-22,2024,Premier League,Kryvbas KR,Veres Rivne,0 - 3,0 - 2,2,3,Yok
2025-02-22,2024,Premier League,Inhulets,Polessya,0 - 1,0 - 0,2,1,Yok
2025-02-22,2024,Premier League,Ruh Lviv,LNZ Cherkasy,0 - 1,0 - 1,2,1,Yok
2025-02-23,2024,Premier League,Obolon'-Brovar,Vorskla Poltava,1 - 0,0 - 0,1,1,Yok
2025-02-23,2024,Premier League,Oleksandria,Zorya Luhansk,2 - 1,1 - 1,1,3,Evet
2025-02-23,2024,Premier League,Dynamo Kyiv,Karpaty,2 - 0,0 - 0,1,2,Yok
2025-02-24,2024,Premier League,Shakhtar Donetsk,Livyi Bereh,1 - 0,0 - 0,1,1,Yok
2025-02-28,2024,Premier League,Obolon'-Brovar,Polessya,0 - 0,0 - 0,X,0,Yok
2025-02-28,2024,Premier League,Vorskla Poltava,Dynamo Kyiv,1 - 1,0 - 1,X,2,Evet
2025-02-28,2024,Premier League,Karpaty,LNZ Cherkasy,1 - 0,0 - 0,1,1,Yok
2025-03-01,2024,Premier League,Chornomorets,Livyi Bereh,0 - 1,0 - 1,2,1,Yok
2025-03-01,2024,Premier League,Shakhtar Donetsk,Oleksandria,3 - 0,0 - 0,1,3,Yok
2025-03-02,2024,Premier League,Inhulets,Kryvbas KR,2 - 0,2 - 0,1,2,Yok
2025-03-02,2024,Premier League,Zorya Luhansk,Ruh Lviv,2 - 0,1 - 0,1,2,Yok
2025-03-02,2024,Premier League,Veres Rivne,Kolos Kovalivka,2 - 1,1 - 1,1,3,Evet
2025-03-06,2024,Premier League,Vorskla Poltava,Karpaty,0 - 0,0 - 0,X,0,Yok
2025-03-06,2024,Premier League,Polessya,Chornomorets,3 - 1,2 - 0,1,4,Evet
2025-03-06,2024,Premier League,LNZ Cherkasy,Dynamo Kyiv,1 - 2,0 - 1,2,3,Evet
2025-03-06,2024,Premier League,Shakhtar Donetsk,Kryvbas KR,1 - 1,0 - 0,X,2,Evet
2025-03-07,2024,Premier League,Livyi Bereh,Veres Rivne,2 - 0,1 - 0,1,2,Yok
2025-03-07,2024,Premier League,Kolos Kovalivka,Oleksandria,0 - 1,0 - 1,2,1,Yok
2025-03-07,2024,Premier League,Zorya Luhansk,Obolon'-Brovar,2 - 1,1 - 0,1,3,Evet
2025-03-08,2024,Premier League,Inhulets,Ruh Lviv,0 - 1,0 - 0,2,1,Yok
2025-03-11,2024,Premier League,Oleksandria,Obolon'-Brovar,4 - 0,3 - 0,1,4,Yok
2025-03-11,2024,Premier League,Dynamo Kyiv,Zorya Luhansk,2 - 2,1 - 2,X,4,Evet
2025-03-11,2024,Premier League,Veres Rivne,Polessya,5 - 1,2 - 1,1,6,Evet
2025-03-11,2024,Premier League,Karpaty,Shakhtar Donetsk,0 - 0,0 - 0,X,0,Yok
2025-03-15,2024,Premier League,Ruh Lviv,Vorskla Poltava,0 - 1,0 - 0,2,1,Yok
2025-03-16,2024,Premier League,Inhulets,Chornomorets,1 - 0,1 - 0,1,1,Yok
2025-03-16,2024,Premier League,LNZ Cherkasy,Kolos Kovalivka,2 - 0,1 - 0,1,2,Yok
2025-03-28,2024,Premier League,Inhulets,Veres Rivne,0 - 0,0 - 0,X,0,Yok
2025-03-28,2024,Premier League,LNZ Cherkasy,Polessya,0 - 1,0 - 0,2,1,Yok
2025-03-29,2024,Premier League,Livyi Bereh,Oleksandria,0 - 1,0 - 1,2,1,Yok
2025-03-29,2024,Premier League,Obolon'-Brovar,Shakhtar Donetsk,0 - 2,0 - 1,2,2,Yok
2025-03-29,2024,Premier League,Ruh Lviv,Dynamo Kyiv,0 - 2,0 - 2,2,2,Yok
2025-03-30,2024,Premier League,Vorskla Poltava,Kryvbas KR,0 - 1,0 - 1,2,1,Yok
2025-03-30,2024,Premier League,Karpaty,Chornomorets,4 - 0,2 - 0,1,4,Yok
2025-03-30,2024,Premier League,Zorya Luhansk,Kolos Kovalivka,0 - 3,0 - 1,2,3,Yok
2025-04-04,2024,Premier League,Inhulets,Obolon'-Brovar,0 - 1,0 - 1,2,1,Yok
2025-04-05,2024,Premier League,Vorskla Poltava,Zorya Luhansk,1 - 2,0 - 0,2,3,Evet
2025-04-05,2024,Premier League,Chornomorets,LNZ Cherkasy,1 - 0,1 - 0,1,1,Yok
2025-04-06,2024,Premier League,Oleksandria,Kryvbas KR,1 - 0,0 - 0,1,1,Yok
2025-04-06,2024,Premier League,Dynamo Kyiv,Livyi Bereh,2 - 0,1 - 0,1,2,Yok
2025-04-06,2024,Premier League,Shakhtar Donetsk,Veres Rivne,3 - 0,0 - 0,1,3,Yok
2025-04-07,2024,Premier League,Kolos Kovalivka,Ruh Lviv,0 - 1,0 - 1,2,1,Yok
2025-04-07,2024,Premier League,Polessya,Karpaty,1 - 1,0 - 0,X,2,Evet
2025-04-11,2024,Premier League,LNZ Cherkasy,Shakhtar Donetsk,1 - 4,0 - 3,2,5,Evet
2025-04-12,2024,Premier League,Kryvbas KR,Dynamo Kyiv,0 - 2,0 - 1,2,2,Yok
2025-04-12,2024,Premier League,Ruh Lviv,Oleksandria,1 - 1,0 - 1,X,2,Evet
2025-04-12,2024,Premier League,Obolon'-Brovar,Chornomorets,1 - 0,1 - 0,1,1,Yok
2025-04-13,2024,Premier League,Vorskla Poltava,Polessya,0 - 2,0 - 1,2,2,Yok
2025-04-13,2024,Premier League,Livyi Bereh,Kolos Kovalivka,0 - 2,0 - 2,2,2,Yok
2025-04-13,2024,Premier League,Zorya Luhansk,Veres Rivne,1 - 2,0 - 2,2,3,Evet
2025-04-14,2024,Premier League,Inhulets,Karpaty,1 - 2,0 - 1,2,3,Evet
2025-04-16,2024,Premier League,Kryvbas KR,Shakhtar Donetsk,1 - 2,0 - 1,2,3,Evet
2025-04-18,2024,Premier League,Vorskla Poltava,Oleksandria,1 - 3,0 - 3,2,4,Evet
2025-04-18,2024,Premier League,Dynamo Kyiv,Obolon'-Brovar,3 - 0,1 - 0,1,3,Yok
2025-04-19,2024,Premier League,Karpaty,Ruh Lviv,3 - 1,2 - 0,1,4,Evet
2025-04-19,2024,Premier League,Livyi Bereh,Polessya,1 - 1,1 - 0,X,2,Evet
2025-04-19,2024,Premier League,Shakhtar Donetsk,Kolos Kovalivka,2 - 4,1 - 2,2,6,Evet
2025-04-20,2024,Premier League,Kryvbas KR,Zorya Luhansk,3 - 0,1 - 0,1,3,Yok
2025-04-20,2024,Premier League,Inhulets,LNZ Cherkasy,0 - 0,0 - 0,X,0,Yok
2025-04-20,2024,Premier League,Veres Rivne,Chornomorets,2 - 1,0 - 1,1,3,Evet
2025-04-25,2024,Premier League,Inhulets,Oleksandria,0 - 1,0 - 1,2,1,Yok
2025-04-25,2024,Premier League,Zorya Luhansk,Livyi Bereh,2 - 1,1 - 0,1,3,Evet
2025-04-26,2024,Premier League,Chornomorets,Ruh Lviv,1 - 2,0 - 1,2,3,Evet
2025-04-26,2024,Premier League,LNZ Cherkasy,Kryvbas KR,0 - 0,0 - 0,X,0,Yok
2025-04-26,2024,Premier League,Obolon'-Brovar,Karpaty,2 - 2,1 - 1,X,4,Evet
2025-04-27,2024,Premier League,Vorskla Poltava,Veres Rivne,3 - 0,1 - 0,1,3,Yok
2025-04-27,2024,Premier League,Kolos Kovalivka,Polessya,1 - 1,0 - 0,X,2,Evet
2025-04-27,2024,Premier League,Shakhtar Donetsk,Dynamo Kyiv,2 - 2,2 - 0,X,4,Evet
2025-04-30,2024,Premier League,Inhulets,Zorya Luhansk,1 - 0,1 - 0,1,1,Yok
2025-05-02,2024,Premier League,Livyi Bereh,Karpaty,2 - 3,1 - 1,2,5,Evet
2025-05-02,2024,Premier League,Ruh Lviv,Kryvbas KR,0 - 0,0 - 0,X,0,Yok
2025-05-03,2024,Premier League,Chornomorets,Shakhtar Donetsk,0 - 3,0 - 0,2,3,Yok
2025-05-03,2024,Premier League,Inhulets,Dynamo Kyiv,0 - 4,0 - 2,2,4,Yok
2025-05-03,2024,Premier League,Veres Rivne,Obolon'-Brovar,0 - 2,0 - 2,2,2,Yok
2025-05-04,2024,Premier League,LNZ Cherkasy,Zorya Luhansk,1 - 1,0 - 0,X,2,Evet
2025-05-04,2024,Premier League,Kolos Kovalivka,Vorskla Poltava,0 - 0,0 - 0,X,0,Yok
2025-05-04,2024,Premier League,Polessya,Oleksandria,1 - 2,1 - 1,2,3,Evet
2025-05-07,2024,Premier League,Kryvbas KR,Livyi Bereh,4 - 0,1 - 0,1,4,Yok
2025-05-09,2024,Premier League,Zorya Luhansk,Shakhtar Donetsk,0 - 0,0 - 0,X,0,Yok
2025-05-09,2024,Premier League,Polessya,Dynamo Kyiv,0 - 0,0 - 0,X,0,Yok
2025-05-10,2024,Premier League,Vorskla Poltava,Chornomorets,1 - 2,1 - 0,2,3,Evet
2025-05-10,2024,Premier League,Obolon'-Brovar,LNZ Cherkasy,0 - 0,0 - 0,X,0,Yok
2025-05-10,2024,Premier League,Ruh Lviv,Veres Rivne,2 - 0,1 - 0,1,2,Yok
2025-05-11,2024,Premier League,Kryvbas KR,Kolos Kovalivka,0 - 1,0 - 1,2,1,Yok
2025-05-11,2024,Premier League,Karpaty,Oleksandria,2 - 1,0 - 1,1,3,Evet
2025-05-12,2024,Premier League,Inhulets,Livyi Bereh,2 - 1,1 - 0,1,3,Evet
2025-05-17,2024,Premier League,Zorya Luhansk,Polessya,0 - 1,0 - 1,2,1,Yok
2025-05-17,2024,Premier League,Kolos Kovalivka,Karpaty,2 - 1,0 - 1,1,3,Evet
2025-05-17,2024,Premier League,Kryvbas KR,Obolon'-Brovar,1 - 0,0 - 0,1,1,Yok
2025-05-18,2024,Premier League,Chornomorets,Dynamo Kyiv,1 - 1,0 - 0,X,2,Evet
2025-05-18,2024,Premier League,Oleksandria,Veres Rivne,3 - 1,3 - 0,1,4,Evet
2025-05-18,2024,Premier League,Inhulets,Shakhtar Donetsk,1 - 4,1 - 1,2,5,Evet
2025-05-18,2024,Premier League,LNZ Cherkasy,Vorskla Poltava,0 - 0,0 - 0,X,0,Yok
2025-05-18,2024,Premier League,Livyi Bereh,Ruh Lviv,1 - 0,1 - 0,1,1,Yok
2025-05-23,2024,Premier League,Inhulets,Vorskla Poltava,1 - 1,0 - 1,X,2,Evet
2025-05-23,2024,Premier League,Obolon'-Brovar,Livyi Bereh,1 - 0,0 - 0,1,1,Yok
2025-05-24,2024,Premier League,Chornomorets,Oleksandria,0 - 0,0 - 0,X,0,Yok
2025-05-24,2024,Premier League,Ruh Lviv,Shakhtar Donetsk,1 - 1,0 - 0,X,2,Evet
2025-05-24,2024,Premier League,Dynamo Kyiv,Kolos Kovalivka,1 - 1,1 - 0,X,2,Evet
2025-05-25,2024,Premier League,Veres Rivne,LNZ Cherkasy,1 - 1,0 - 0,X,2,Evet
2025-05-25,2024,Premier League,Karpaty,Zorya Luhansk,1 - 3,1 - 1,2,4,Evet
2025-05-25,2024,Premier League,Polessya,Kryvbas KR,1 - 1,0 - 1,X,2,Evet
2025-05-29,2024,Premier League,Kudrivka,Vorskla Poltava,1 - 2,0 - 2,2,3,Evet
2025-05-29,2024,Premier League,Livyi Bereh,FC Kharkiv,0 - 1,0 - 1,2,1,Yok
2025-06-01,2024,Premier League,Vorskla Poltava,Kudrivka,0 - 1,0 - 1,2,1,Yok
2025-06-01,2024,Premier League,FC Kharkiv,Livyi Bereh,1 - 0,0 - 0,1,1,Yok
2023-07-28,2023,Premier League,Obolon'-Brovar,Kolos Kovalivka,0 - 0,0 - 0,X,0,Yok
2023-07-28,2023,Premier League,Veres Rivne,Polessya,0 - 2,0 - 2,2,2,Yok
2023-07-29,2023,Premier League,Ruh Lviv,Zorya Luhansk,2 - 1,0 - 1,1,3,Evet
2023-07-29,2023,Premier League,FC Kharkiv,Shakhtar Donetsk,1 - 2,0 - 1,2,3,Evet
2023-07-30,2023,Premier League,LNZ Cherkasy,Chornomorets,0 - 2,0 - 1,2,2,Yok
2023-07-30,2023,Premier League,Dynamo Kyiv,Minai,4 - 1,2 - 1,1,5,Evet
2023-07-30,2023,Premier League,Oleksandria,Kryvbas KR,1 - 0,1 - 0,1,1,Yok
2023-08-02,2023,Premier League,Veres Rivne,Shakhtar Donetsk,1 - 1,0 - 1,X,2,Evet
2023-08-04,2023,Premier League,Obolon'-Brovar,Dynamo Kyiv,2 - 4,1 - 3,2,6,Evet
2023-08-05,2023,Premier League,Minai,LNZ Cherkasy,0 - 3,0 - 1,2,3,Yok
2023-08-05,2023,Premier League,Oleksandria,FC Kharkiv,1 - 0,1 - 0,1,1,Yok
2023-08-06,2023,Premier League,Dnipro-1,Polessya,2 - 1,0 - 0,1,3,Evet
2023-08-06,2023,Premier League,Zorya Luhansk,Kryvbas KR,1 - 3,1 - 1,2,4,Evet
2023-08-06,2023,Premier League,Kolos Kovalivka,Chornomorets,2 - 0,0 - 0,1,2,Yok
2023-08-06,2023,Premier League,Ruh Lviv,Vorskla Poltava,4 - 1,1 - 1,1,5,Evet
2023-08-12,2023,Premier League,Chornomorets,Obolon'-Brovar,2 - 0,1 - 0,1,2,Yok
2023-08-12,2023,Premier League,Kolos Kovalivka,Veres Rivne,2 - 0,1 - 0,1,2,Yok
2023-08-12,2023,Premier League,Polessya,Ruh Lviv,0 - 1,0 - 0,2,1,Yok
2023-08-13,2023,Premier League,Minai,Dnipro-1,1 - 1,0 - 0,X,2,Evet
2023-08-13,2023,Premier League,Vorskla Poltava,Zorya Luhansk,1 - 2,0 - 1,2,3,Evet
2023-08-13,2023,Premier League,Kryvbas KR,LNZ Cherkasy,2 - 0,1 - 0,1,2,Yok
2023-08-14,2023,Premier League,Shakhtar Donetsk,Oleksandria,2 - 1,2 - 0,1,3,Evet
2023-08-18,2023,Premier League,LNZ Cherkasy,Polessya,1 - 2,0 - 0,2,3,Evet
2023-08-18,2023,Premier League,Zorya Luhansk,Oleksandria,0 - 0,0 - 0,X,0,Yok
2023-08-19,2023,Premier League,Veres Rivne,Vorskla Poltava,1 - 2,1 - 2,2,3,Evet
2023-08-19,2023,Premier League,FC Kharkiv,Minai,1 - 0,0 - 0,1,1,Yok
2023-08-19,2023,Premier League,Ruh Lviv,Kolos Kovalivka,1 - 1,0 - 1,X,2,Evet
2023-08-20,2023,Premier League,Dnipro-1,Obolon'-Brovar,1 - 2,1 - 0,2,3,Evet
2023-08-20,2023,Premier League,Chornomorets,Dynamo Kyiv,3 - 2,1 - 0,1,5,Evet
2023-08-20,2023,Premier League,Kryvbas KR,Shakhtar Donetsk,3 - 3,2 - 3,X,6,Evet
2023-08-26,2023,Premier League,LNZ Cherkasy,FC Kharkiv,0 - 1,0 - 1,2,1,Yok
2023-08-26,2023,Premier League,Oleksandria,Polessya,0 - 3,0 - 0,2,3,Yok
2023-08-27,2023,Premier League,Minai,Zorya Luhansk,1 - 1,1 - 1,X,2,Evet
2023-08-27,2023,Premier League,Kolos Kovalivka,Shakhtar Donetsk,0 - 2,0 - 2,2,2,Yok
2023-08-27,2023,Premier League,Vorskla Poltava,Chornomorets,2 - 1,2 - 0,1,3,Evet
2023-08-28,2023,Premier League,Obolon'-Brovar,Kryvbas KR,0 - 0,0 - 0,X,0,Yok
2023-09-01,2023,Premier League,Veres Rivne,Chornomorets,3 - 1,2 - 1,1,4,Evet
2023-09-02,2023,Premier League,Minai,Shakhtar Donetsk,1 - 4,0 - 1,2,5,Evet
2023-09-02,2023,Premier League,Polessya,Obolon'-Brovar,2 - 0,0 - 0,1,2,Yok
2023-09-02,2023,Premier League,Vorskla Poltava,Oleksandria,1 - 0,1 - 0,1,1,Yok
2023-09-03,2023,Premier League,Dnipro-1,LNZ Cherkasy,0 - 0,0 - 0,X,0,Yok
2023-09-03,2023,Premier League,Kolos Kovalivka,Kryvbas KR,0 - 3,0 - 1,2,3,Yok
2023-09-03,2023,Premier League,Ruh Lviv,FC Kharkiv,1 - 1,1 - 1,X,2,Evet
2023-09-15,2023,Premier League,FC Kharkiv,Zorya Luhansk,2 - 1,2 - 1,1,3,Evet
2023-09-16,2023,Premier League,Chornomorets,Polessya,1 - 0,1 - 0,1,1,Yok
2023-09-16,2023,Premier League,Shakhtar Donetsk,Obolon'-Brovar,1 - 0,0 - 0,1,1,Yok
2023-09-16,2023,Premier League,Oleksandria,Minai,1 - 1,0 - 0,X,2,Evet
2023-09-17,2023,Premier League,LNZ Cherkasy,Ruh Lviv,2 - 1,1 - 0,1,3,Evet
2023-09-17,2023,Premier League,Dnipro-1,Kolos Kovalivka,1 - 1,0 - 0,X,2,Evet
2023-09-17,2023,Premier League,Kryvbas KR,Veres Rivne,2 - 1,1 - 1,1,3,Evet
2023-09-18,2023,Premier League,Dynamo Kyiv,Vorskla Poltava,2 - 0,1 - 0,1,2,Yok
2023-09-22,2023,Premier League,Obolon'-Brovar,Veres Rivne,0 - 0,0 - 0,X,0,Yok
2023-09-22,2023,Premier League,Oleksandria,Chornomorets,1 - 5,0 - 4,2,6,Evet
2023-09-23,2023,Premier League,LNZ Cherkasy,Dynamo Kyiv,2 - 4,0 - 1,2,6,Evet
2023-09-23,2023,Premier League,Polessya,Minai,2 - 1,0 - 1,1,3,Evet
2023-09-23,2023,Premier League,Vorskla Poltava,Kryvbas KR,1 - 4,1 - 2,2,5,Evet
2023-09-23,2023,Premier League,Ruh Lviv,Shakhtar Donetsk,1 - 1,0 - 1,X,2,Evet
2023-09-24,2023,Premier League,Zorya Luhansk,Dnipro-1,0 - 1,0 - 1,2,1,Yok
2023-09-24,2023,Premier League,FC Kharkiv,Kolos Kovalivka,0 - 0,0 - 0,X,0,Yok
2023-09-30,2023,Premier League,Veres Rivne,LNZ Cherkasy,0 - 0,0 - 0,X,0,Yok
2023-09-30,2023,Premier League,Shakhtar Donetsk,Vorskla Poltava,1 - 2,0 - 1,2,3,Evet
2023-09-30,2023,Premier League,Chornomorets,Zorya Luhansk,0 - 0,0 - 0,X,0,Yok
2023-10-01,2023,Premier League,Minai,Obolon'-Brovar,0 - 1,0 - 0,2,1,Yok
2023-10-01,2023,Premier League,Kryvbas KR,Ruh Lviv,1 - 3,1 - 0,2,4,Evet
2023-10-01,2023,Premier League,Kolos Kovalivka,Polessya,0 - 0,0 - 0,X,0,Yok
2023-10-01,2023,Premier League,Dynamo Kyiv,Oleksandria,4 - 2,2 - 1,1,6,Evet
2023-10-02,2023,Premier League,Dnipro-1,FC Kharkiv,1 - 0,0 - 0,1,1,Yok
2023-10-06,2023,Premier League,Polessya,Dynamo Kyiv,3 - 2,1 - 1,1,5,Evet
2023-10-07,2023,Premier League,Dnipro-1,Veres Rivne,2 - 0,2 - 0,1,2,Yok
2023-10-07,2023,Premier League,LNZ Cherkasy,Oleksandria,0 - 0,0 - 0,X,0,Yok
2023-10-07,2023,Premier League,Kolos Kovalivka,Vorskla Poltava,0 - 0,0 - 0,X,0,Yok
2023-10-08,2023,Premier League,Obolon'-Brovar,FC Kharkiv,1 - 0,1 - 0,1,1,Yok
2023-10-08,2023,Premier League,Ruh Lviv,Minai,0 - 0,0 - 0,X,0,Yok
2023-10-08,2023,Premier League,Kryvbas KR,Chornomorets,1 - 0,0 - 0,1,1,Yok
2023-10-20,2023,Premier League,Obolon'-Brovar,Zorya Luhansk,2 - 4,2 - 2,2,6,Evet
2023-10-20,2023,Premier League,FC Kharkiv,Kryvbas KR,1 - 3,1 - 2,2,4,Evet
2023-10-21,2023,Premier League,Chornomorets,Minai,3 - 0,1 - 0,1,3,Yok
2023-10-21,2023,Premier League,Shakhtar Donetsk,LNZ Cherkasy,3 - 0,1 - 0,1,3,Yok
2023-10-21,2023,Premier League,Oleksandria,Kolos Kovalivka,0 - 1,0 - 1,2,1,Yok
2023-10-22,2023,Premier League,Veres Rivne,Ruh Lviv,2 - 5,0 - 2,2,7,Evet
2023-10-22,2023,Premier League,Vorskla Poltava,Polessya,0 - 3,0 - 1,2,3,Yok
2023-10-22,2023,Premier League,Dynamo Kyiv,Dnipro-1,0 - 1,0 - 1,2,1,Yok
2023-10-25,2023,Premier League,Vorskla Poltava,Dnipro-1,2 - 3,1 - 2,2,5,Evet
2023-10-28,2023,Premier League,Kryvbas KR,Dnipro-1,3 - 0,2 - 0,1,3,Yok
2023-10-28,2023,Premier League,Kolos Kovalivka,Dynamo Kyiv,1 - 1,0 - 1,X,2,Evet
2023-10-28,2023,Premier League,Zorya Luhansk,Polessya,0 - 1,0 - 1,2,1,Yok
2023-10-28,2023,Premier League,Ruh Lviv,Oleksandria,0 - 0,0 - 0,X,0,Yok
2023-10-29,2023,Premier League,Minai,Veres Rivne,0 - 0,0 - 0,X,0,Yok
2023-10-29,2023,Premier League,LNZ Cherkasy,Obolon'-Brovar,3 - 0,1 - 0,1,3,Yok
2023-10-29,2023,Premier League,Vorskla Poltava,FC Kharkiv,2 - 2,0 - 1,X,4,Evet
2023-11-01,2023,Premier League,Ruh Lviv,Dnipro-1,0 - 2,0 - 2,2,2,Yok
2023-11-03,2023,Premier League,Dynamo Kyiv,Shakhtar Donetsk,0 - 1,0 - 0,2,1,Yok
2023-11-04,2023,Premier League,LNZ Cherkasy,Kolos Kovalivka,1 - 1,1 - 0,X,2,Evet
2023-11-05,2023,Premier League,Minai,Vorskla Poltava,0 - 0,0 - 0,X,0,Yok
2023-11-05,2023,Premier League,FC Kharkiv,Chornomorets,2 - 1,0 - 1,1,3,Evet
2023-11-05,2023,Premier League,Veres Rivne,Zorya Luhansk,2 - 2,1 - 1,X,4,Evet
2023-11-06,2023,Premier League,Polessya,Kryvbas KR,1 - 1,0 - 1,X,2,Evet
2023-11-06,2023,Premier League,Dnipro-1,Oleksandria,1 - 0,1 - 0,1,1,Yok
2023-11-06,2023,Premier League,Ruh Lviv,Obolon'-Brovar,2 - 2,1 - 1,X,4,Evet
2023-11-10,2023,Premier League,Kolos Kovalivka,Minai,2 - 0,2 - 0,1,2,Yok
2023-11-11,2023,Premier League,Obolon'-Brovar,Vorskla Poltava,0 - 1,0 - 0,2,1,Yok
2023-11-11,2023,Premier League,Polessya,FC Kharkiv,2 - 1,0 - 1,1,3,Evet
2023-11-11,2023,Premier League,Oleksandria,Veres Rivne,1 - 0,0 - 0,1,1,Yok
2023-11-12,2023,Premier League,Kryvbas KR,Dynamo Kyiv,0 - 2,0 - 2,2,2,Yok
2023-11-12,2023,Premier League,Zorya Luhansk,LNZ Cherkasy,1 - 2,0 - 1,2,3,Evet
2023-11-12,2023,Premier League,Chornomorets,Ruh Lviv,2 - 3,1 - 1,2,5,Evet
2023-11-12,2023,Premier League,Shakhtar Donetsk,Dnipro-1,1 - 3,1 - 1,2,4,Evet
2023-11-24,2023,Premier League,Shakhtar Donetsk,Polessya,0 - 0,0 - 0,X,0,Yok
2023-11-25,2023,Premier League,Minai,Kryvbas KR,0 - 1,0 - 0,2,1,Yok
2023-11-25,2023,Premier League,Veres Rivne,FC Kharkiv,4 - 3,2 - 1,1,7,Evet
2023-11-25,2023,Premier League,Vorskla Poltava,LNZ Cherkasy,0 - 0,0 - 0,X,0,Yok
2023-11-26,2023,Premier League,Dynamo Kyiv,Ruh Lviv,2 - 0,2 - 0,1,2,Yok
2023-11-27,2023,Premier League,Dnipro-1,Chornomorets,5 - 2,1 - 1,1,7,Evet
2023-12-01,2023,Premier League,Polessya,Veres Rivne,1 - 1,0 - 0,X,2,Evet
2023-12-02,2023,Premier League,Kolos Kovalivka,Obolon'-Brovar,0 - 0,0 - 0,X,0,Yok
2023-12-02,2023,Premier League,Kryvbas KR,Oleksandria,2 - 1,0 - 1,1,3,Evet
2023-12-02,2023,Premier League,Dnipro-1,Vorskla Poltava,1 - 2,1 - 2,2,3,Evet
2023-12-03,2023,Premier League,Chornomorets,LNZ Cherkasy,1 - 3,0 - 0,2,4,Evet
2023-12-03,2023,Premier League,Shakhtar Donetsk,FC Kharkiv,2 - 0,0 - 0,1,2,Yok
2023-12-04,2023,Premier League,Zorya Luhansk,Ruh Lviv,0 - 0,0 - 0,X,0,Yok
2023-12-07,2023,Premier League,Dynamo Kyiv,FC Kharkiv,4 - 2,3 - 1,1,6,Evet
2023-12-08,2023,Premier League,Polessya,Dnipro-1,1 - 1,0 - 0,X,2,Evet
2023-12-08,2023,Premier League,Shakhtar Donetsk,Veres Rivne,2 - 0,1 - 0,1,2,Yok
2023-12-09,2023,Premier League,Kryvbas KR,Zorya Luhansk,2 - 2,2 - 1,X,4,Evet
2023-12-10,2023,Premier League,Vorskla Poltava,Ruh Lviv,1 - 1,0 - 1,X,2,Evet
2023-12-10,2023,Premier League,Chornomorets,Kolos Kovalivka,1 - 0,0 - 0,1,1,Yok
2023-12-11,2023,Premier League,FC Kharkiv,Oleksandria,0 - 3,0 - 0,2,3,Yok
2023-12-11,2023,Premier League,Dynamo Kyiv,Obolon'-Brovar,2 - 0,0 - 0,1,2,Yok
2024-02-23,2023,Premier League,LNZ Cherkasy,Kryvbas KR,0 - 3,0 - 1,2,3,Yok
2024-02-25,2023,Premier League,Dnipro-1,Minai,1 - 1,0 - 1,X,2,Evet
2024-02-25,2023,Premier League,Veres Rivne,Kolos Kovalivka,0 - 2,0 - 0,2,2,Yok
2024-02-25,2023,Premier League,FC Kharkiv,Dynamo Kyiv,2 - 4,1 - 1,2,6,Evet
2024-02-25,2023,Premier League,Ruh Lviv,Polessya,1 - 1,1 - 1,X,2,Evet
2024-02-26,2023,Premier League,Zorya Luhansk,Vorskla Poltava,1 - 0,1 - 0,1,1,Yok
2024-02-26,2023,Premier League,Oleksandria,Shakhtar Donetsk,0 - 3,0 - 0,2,3,Yok
2024-02-26,2023,Premier League,Obolon'-Brovar,Chornomorets,1 - 1,0 - 0,X,2,Evet
2024-03-01,2023,Premier League,Polessya,LNZ Cherkasy,0 - 1,0 - 0,2,1,Yok
2024-03-02,2023,Premier League,Minai,FC Kharkiv,2 - 0,1 - 0,1,2,Yok
2024-03-02,2023,Premier League,Dynamo Kyiv,Chornomorets,1 - 0,1 - 0,1,1,Yok
2024-03-02,2023,Premier League,Vorskla Poltava,Veres Rivne,2 - 1,0 - 1,1,3,Evet
2024-03-02,2023,Premier League,Kolos Kovalivka,Ruh Lviv,0 - 1,0 - 1,2,1,Yok
2024-03-03,2023,Premier League,Obolon'-Brovar,Dnipro-1,0 - 1,0 - 1,2,1,Yok
2024-03-03,2023,Premier League,Oleksandria,Zorya Luhansk,0 - 0,0 - 0,X,0,Yok
2024-03-03,2023,Premier League,Shakhtar Donetsk,Kryvbas KR,5 - 2,2 - 1,1,7,Evet
2024-03-07,2023,Premier League,Zorya Luhansk,Minai,2 - 0,1 - 0,1,2,Yok
2024-03-07,2023,Premier League,Veres Rivne,Dynamo Kyiv,1 - 1,0 - 1,X,2,Evet
2024-03-08,2023,Premier League,Dnipro-1,Ruh Lviv,0 - 1,0 - 1,2,1,Yok
2024-03-08,2023,Premier League,FC Kharkiv,LNZ Cherkasy,1 - 1,0 - 0,X,2,Evet
2024-03-08,2023,Premier League,Shakhtar Donetsk,Kolos Kovalivka,3 - 2,0 - 1,1,5,Evet
2024-03-09,2023,Premier League,Chornomorets,Vorskla Poltava,0 - 1,0 - 0,2,1,Yok
2024-03-09,2023,Premier League,Polessya,Oleksandria,1 - 2,0 - 1,2,3,Evet
2024-03-09,2023,Premier League,Kryvbas KR,Obolon'-Brovar,1 - 0,0 - 0,1,1,Yok
2024-03-12,2023,Premier League,LNZ Cherkasy,Dnipro-1,1 - 1,0 - 0,X,2,Evet
2024-03-12,2023,Premier League,Dynamo Kyiv,Zorya Luhansk,2 - 0,1 - 0,1,2,Yok
2024-03-12,2023,Premier League,Shakhtar Donetsk,Minai,2 - 0,2 - 0,1,2,Yok
2024-03-15,2023,Premier League,Oleksandria,Vorskla Poltava,1 - 0,0 - 0,1,1,Yok
2024-03-16,2023,Premier League,FC Kharkiv,Ruh Lviv,1 - 4,0 - 4,2,5,Evet
2024-03-16,2023,Premier League,Obolon'-Brovar,Polessya,1 - 0,1 - 0,1,1,Yok
2024-03-16,2023,Premier League,Kryvbas KR,Kolos Kovalivka,1 - 0,0 - 0,1,1,Yok
2024-03-17,2023,Premier League,Chornomorets,Veres Rivne,0 - 1,0 - 1,2,1,Yok
2024-03-23,2023,Premier League,LNZ Cherkasy,Minai,1 - 2,0 - 1,2,3,Evet
2024-03-30,2023,Premier League,Obolon'-Brovar,Shakhtar Donetsk,0 - 3,0 - 2,2,3,Yok
2024-03-30,2023,Premier League,Polessya,Chornomorets,1 - 4,0 - 0,2,5,Evet
2024-03-30,2023,Premier League,Veres Rivne,Kryvbas KR,0 - 2,0 - 0,2,2,Yok
2024-03-31,2023,Premier League,Minai,Oleksandria,2 - 2,0 - 0,X,4,Evet
2024-03-31,2023,Premier League,Zorya Luhansk,FC Kharkiv,2 - 1,1 - 0,1,3,Evet
2024-03-31,2023,Premier League,Vorskla Poltava,Dynamo Kyiv,1 - 5,0 - 2,2,6,Evet
2024-03-31,2023,Premier League,Kolos Kovalivka,Dnipro-1,0 - 2,0 - 1,2,2,Yok
2024-04-01,2023,Premier League,Ruh Lviv,LNZ Cherkasy,1 - 0,0 - 0,1,1,Yok
2024-04-04,2023,Premier League,Zorya Luhansk,Dynamo Kyiv,0 - 3,0 - 2,2,3,Yok
2024-04-06,2023,Premier League,Veres Rivne,Obolon'-Brovar,3 - 0,2 - 0,1,3,Yok
2024-04-07,2023,Premier League,Chornomorets,Oleksandria,3 - 2,3 - 1,1,5,Evet
2024-04-07,2023,Premier League,Kolos Kovalivka,FC Kharkiv,1 - 1,1 - 0,X,2,Evet
2024-04-07,2023,Premier League,Shakhtar Donetsk,Ruh Lviv,3 - 1,2 - 1,1,4,Evet
2024-04-08,2023,Premier League,Minai,Polessya,2 - 3,0 - 2,2,5,Evet
2024-04-08,2023,Premier League,Dynamo Kyiv,LNZ Cherkasy,1 - 1,1 - 1,X,2,Evet
2024-04-08,2023,Premier League,Kryvbas KR,Vorskla Poltava,1 - 1,1 - 1,X,2,Evet
2024-04-09,2023,Premier League,Dnipro-1,Zorya Luhansk,2 - 2,0 - 0,X,4,Evet
2024-04-13,2023,Premier League,Obolon'-Brovar,Minai,1 - 1,0 - 0,X,2,Evet
2024-04-13,2023,Premier League,Oleksandria,Dynamo Kyiv,0 - 1,0 - 0,2,1,Yok
2024-04-13,2023,Premier League,Ruh Lviv,Kryvbas KR,1 - 1,0 - 1,X,2,Evet
2024-04-14,2023,Premier League,Vorskla Poltava,Shakhtar Donetsk,0 - 1,0 - 1,2,1,Yok
2024-04-14,2023,Premier League,Zorya Luhansk,Chornomorets,1 - 0,1 - 0,1,1,Yok
2024-04-14,2023,Premier League,Polessya,Kolos Kovalivka,1 - 0,0 - 0,1,1,Yok
2024-04-15,2023,Premier League,LNZ Cherkasy,Veres Rivne,1 - 0,0 - 0,1,1,Yok
2024-04-15,2023,Premier League,FC Kharkiv,Dnipro-1,1 - 1,0 - 1,X,2,Evet
2024-04-17,2023,Premier League,Minai,Dynamo Kyiv,1 - 3,0 - 2,2,4,Evet
2024-04-17,2023,Premier League,Oleksandria,Obolon'-Brovar,2 - 2,0 - 0,X,4,Evet
2024-04-18,2023,Premier League,Zorya Luhansk,Shakhtar Donetsk,1 - 3,0 - 1,2,4,Evet
2024-04-20,2023,Premier League,Chornomorets,Kryvbas KR,1 - 2,1 - 0,2,3,Evet
2024-04-20,2023,Premier League,Vorskla Poltava,Kolos Kovalivka,0 - 2,0 - 0,2,2,Yok
2024-04-21,2023,Premier League,Veres Rivne,Dnipro-1,1 - 1,1 - 1,X,2,Evet
2024-04-21,2023,Premier League,Oleksandria,LNZ Cherkasy,1 - 2,1 - 1,2,3,Evet
2024-04-21,2023,Premier League,Dynamo Kyiv,Polessya,3 - 0,1 - 0,1,3,Yok
2024-04-22,2023,Premier League,Minai,Ruh Lviv,1 - 1,0 - 0,X,2,Evet
2024-04-22,2023,Premier League,FC Kharkiv,Obolon'-Brovar,1 - 1,0 - 1,X,2,Evet
2024-04-22,2023,Premier League,Shakhtar Donetsk,Zorya Luhansk,2 - 1,0 - 0,1,3,Evet
2024-04-27,2023,Premier League,Dnipro-1,Dynamo Kyiv,1 - 2,1 - 0,2,3,Evet
2024-04-27,2023,Premier League,Minai,Chornomorets,2 - 0,1 - 0,1,2,Yok
2024-04-27,2023,Premier League,LNZ Cherkasy,Shakhtar Donetsk,0 - 3,0 - 1,2,3,Yok
2024-04-27,2023,Premier League,Ruh Lviv,Veres Rivne,3 - 1,0 - 1,1,4,Evet
2024-04-28,2023,Premier League,Zorya Luhansk,Obolon'-Brovar,0 - 0,0 - 0,X,0,Yok
2024-04-28,2023,Premier League,Kolos Kovalivka,Oleksandria,0 - 0,0 - 0,X,0,Yok
2024-04-28,2023,Premier League,Kryvbas KR,FC Kharkiv,3 - 0,3 - 0,1,3,Yok
2024-04-29,2023,Premier League,Polessya,Vorskla Poltava,1 - 0,0 - 0,1,1,Yok
2024-05-01,2023,Premier League,Chornomorets,Shakhtar Donetsk,1 - 4,1 - 3,2,5,Evet
2024-05-01,2023,Premier League,Dynamo Kyiv,Veres Rivne,3 - 0,1 - 0,1,3,Yok
2024-05-04,2023,Premier League,Oleksandria,Ruh Lviv,2 - 2,1 - 1,X,4,Evet
2024-05-04,2023,Premier League,Obolon'-Brovar,LNZ Cherkasy,1 - 0,1 - 0,1,1,Yok
2024-05-04,2023,Premier League,FC Kharkiv,Vorskla Poltava,3 - 2,2 - 1,1,5,Evet
2024-05-05,2023,Premier League,Polessya,Zorya Luhansk,1 - 1,1 - 0,X,2,Evet
2024-05-05,2023,Premier League,Dynamo Kyiv,Kolos Kovalivka,5 - 0,0 - 0,1,5,Yok
2024-05-05,2023,Premier League,Shakhtar Donetsk,Chornomorets,3 - 0,2 - 0,1,3,Yok
2024-05-06,2023,Premier League,Dnipro-1,Kryvbas KR,1 - 0,0 - 0,1,1,Yok
2024-05-06,2023,Premier League,Veres Rivne,Minai,3 - 1,1 - 1,1,4,Evet
2024-05-09,2023,Premier League,Kolos Kovalivka,Zorya Luhansk,0 - 1,0 - 1,2,1,Yok
2024-05-11,2023,Premier League,Vorskla Poltava,Minai,2 - 3,1 - 0,2,5,Evet
2024-05-11,2023,Premier League,Obolon'-Brovar,Ruh Lviv,0 - 0,0 - 0,X,0,Yok
2024-05-11,2023,Premier League,Shakhtar Donetsk,Dynamo Kyiv,1 - 0,1 - 0,1,1,Yok
2024-05-12,2023,Premier League,Oleksandria,Dnipro-1,1 - 0,1 - 0,1,1,Yok
2024-05-12,2023,Premier League,Chornomorets,FC Kharkiv,3 - 0,1 - 0,1,3,Yok
2024-05-13,2023,Premier League,Kolos Kovalivka,LNZ Cherkasy,1 - 3,1 - 1,2,4,Evet
2024-05-13,2023,Premier League,Zorya Luhansk,Veres Rivne,1 - 1,1 - 0,X,2,Evet
2024-05-13,2023,Premier League,Kryvbas KR,Polessya,0 - 1,0 - 1,2,1,Yok
2024-05-18,2023,Premier League,Dynamo Kyiv,Kryvbas KR,3 - 1,2 - 1,1,4,Evet
2024-05-19,2023,Premier League,LNZ Cherkasy,Zorya Luhansk,2 - 1,0 - 1,1,3,Evet
2024-05-19,2023,Premier League,Vorskla Poltava,Obolon'-Brovar,3 - 1,2 - 0,1,4,Evet
2024-05-19,2023,Premier League,Dnipro-1,Shakhtar Donetsk,1 - 1,1 - 1,X,2,Evet
2024-05-19,2023,Premier League,FC Kharkiv,Polessya,3 - 3,1 - 3,X,6,Evet
2024-05-19,2023,Premier League,Ruh Lviv,Chornomorets,2 - 0,1 - 0,1,2,Yok
2024-05-19,2023,Premier League,Minai,Kolos Kovalivka,3 - 2,1 - 1,1,5,Evet
2024-05-19,2023,Premier League,Veres Rivne,Oleksandria,2 - 2,2 - 1,X,4,Evet
2024-05-24,2023,Premier League,LNZ Cherkasy,Vorskla Poltava,1 - 0,1 - 0,1,1,Yok
2024-05-25,2023,Premier League,Zorya Luhansk,Kolos Kovalivka,0 - 1,0 - 0,2,1,Yok
2024-05-25,2023,Premier League,Chornomorets,Dnipro-1,0 - 2,0 - 1,2,2,Yok
2024-05-25,2023,Premier League,FC Kharkiv,Veres Rivne,1 - 2,0 - 1,2,3,Evet
2024-05-25,2023,Premier League,Obolon'-Brovar,Oleksandria,0 - 3,0 - 1,2,3,Yok
2024-05-25,2023,Premier League,Ruh Lviv,Dynamo Kyiv,1 - 2,0 - 0,2,3,Evet
2024-05-25,2023,Premier League,Kryvbas KR,Minai,3 - 0,2 - 0,1,3,Yok
2024-05-25,2023,Premier League,Polessya,Shakhtar Donetsk,2 - 0,2 - 0,1,2,Yok
2024-05-29,2023,Premier League,Epitsentr Dunayivtsi,Veres Rivne,1 - 1,1 - 0,X,2,Evet
2024-05-29,2023,Premier League,Obolon'-Brovar,Livyi Bereh,1 - 0,0 - 0,1,1,Yok
2024-06-02,2023,Premier League,Livyi Bereh,Obolon'-Brovar,1 - 1,0 - 0,X,2,Evet
2024-06-02,2023,Premier League,Veres Rivne,Epitsentr Dunayivtsi,3 - 1,3 - 0,1,4,Evet
2022-08-23,2022,Premier League,Shakhtar Donetsk,FC Kharkiv,0 - 0,0 - 0,X,0,Yok
2022-08-23,2022,Premier League,Zorya Luhansk,Vorskla Poltava,3 - 1,2 - 0,1,4,Evet
2022-08-23,2022,Premier League,Chornomorets,Veres Rivne,0 - 1,0 - 1,2,1,Yok
2022-08-23,2022,Premier League,Kolos Kovalivka,Hirnyk,1 - 0,1 - 0,1,1,Yok
2022-08-24,2022,Premier League,Rukh Vynnyky,Metal Kharkiv,1 - 2,1 - 1,2,3,Evet
2022-08-25,2022,Premier League,Inhulets,Oleksandria,1 - 2,0 - 1,2,3,Evet
2022-08-27,2022,Premier League,Vorskla Poltava,Veres Rivne,1 - 2,1 - 0,2,3,Evet
2022-08-27,2022,Premier League,Lviv,Zorya Luhansk,2 - 3,1 - 1,2,5,Evet
2022-08-27,2022,Premier League,FC Kharkiv,Chornomorets,0 - 0,0 - 0,X,0,Yok
2022-08-28,2022,Premier League,Kolos Kovalivka,Rukh Vynnyky,2 - 0,1 - 0,1,2,Yok
2022-08-28,2022,Premier League,Shakhtar Donetsk,Hirnyk,1 - 0,0 - 0,1,1,Yok
2022-08-28,2022,Premier League,Dynamo Kyiv,Dnipro-1,0 - 3,0 - 1,2,3,Yok
2022-08-29,2022,Premier League,Metal Kharkiv,Inhulets,1 - 1,1 - 0,X,2,Evet
2022-08-29,2022,Premier League,Oleksandria,Minai,2 - 1,1 - 0,1,3,Evet
2022-09-02,2022,Premier League,Rukh Vynnyky,Shakhtar Donetsk,0 - 1,0 - 0,2,1,Yok
2022-09-03,2022,Premier League,Zorya Luhansk,Dynamo Kyiv,3 - 2,2 - 0,1,5,Evet
2022-09-03,2022,Premier League,Dnipro-1,Veres Rivne,2 - 0,1 - 0,1,2,Yok
2022-09-03,2022,Premier League,FC Kharkiv,Vorskla Poltava,3 - 2,0 - 1,1,5,Evet
2022-09-04,2022,Premier League,Chornomorets,Inhulets,1 - 1,0 - 1,X,2,Evet
2022-09-04,2022,Premier League,Hirnyk,Lviv,0 - 0,0 - 0,X,0,Yok
2022-09-05,2022,Premier League,Minai,Kolos Kovalivka,1 - 1,1 - 1,X,2,Evet
2022-09-05,2022,Premier League,Oleksandria,Metal Kharkiv,1 - 3,1 - 1,2,4,Evet
2022-09-09,2022,Premier League,Rukh Vynnyky,Zorya Luhansk,3 - 1,1 - 0,1,4,Evet
2022-09-10,2022,Premier League,Hirnyk,Veres Rivne,0 - 1,0 - 1,2,1,Yok
2022-09-10,2022,Premier League,Shakhtar Donetsk,Chornomorets,2 - 1,0 - 1,1,3,Evet
2022-09-11,2022,Premier League,Dnipro-1,FC Kharkiv,3 - 0,0 - 0,1,3,Yok
2022-09-11,2022,Premier League,Kolos Kovalivka,Metal Kharkiv,1 - 0,0 - 0,1,1,Yok
2022-09-11,2022,Premier League,Dynamo Kyiv,Lviv,1 - 0,1 - 0,1,1,Yok
2022-09-12,2022,Premier League,Vorskla Poltava,Oleksandria,0 - 0,0 - 0,X,0,Yok
2022-09-12,2022,Premier League,Inhulets,Minai,1 - 2,0 - 1,2,3,Evet
2022-09-25,2022,Premier League,Minai,Lviv,0 - 1,0 - 0,2,1,Yok
2022-09-30,2022,Premier League,Veres Rivne,Rukh Vynnyky,2 - 2,2 - 1,X,4,Evet
2022-09-30,2022,Premier League,FC Kharkiv,Kolos Kovalivka,2 - 0,2 - 0,1,2,Yok
2022-10-01,2022,Premier League,Inhulets,Vorskla Poltava,0 - 1,0 - 1,2,1,Yok
2022-10-01,2022,Premier League,Lviv,Dnipro-1,0 - 3,0 - 2,2,3,Yok
2022-10-01,2022,Premier League,Metal Kharkiv,Shakhtar Donetsk,1 - 6,0 - 4,2,7,Evet
2022-10-02,2022,Premier League,Minai,Dynamo Kyiv,0 - 1,0 - 0,2,1,Yok
2022-10-02,2022,Premier League,Chornomorets,Oleksandria,1 - 2,0 - 0,2,3,Evet
2022-10-02,2022,Premier League,Zorya Luhansk,Hirnyk,2 - 2,2 - 1,X,4,Evet
2022-10-07,2022,Premier League,Veres Rivne,Metal Kharkiv,1 - 2,0 - 1,2,3,Evet
2022-10-07,2022,Premier League,Kolos Kovalivka,Inhulets,0 - 0,0 - 0,X,0,Yok
2022-10-08,2022,Premier League,Vorskla Poltava,Chornomorets,2 - 1,0 - 0,1,3,Evet
2022-10-09,2022,Premier League,Dnipro-1,Zorya Luhansk,3 - 0,1 - 0,1,3,Yok
2022-10-09,2022,Premier League,Hirnyk,Minai,0 - 0,0 - 0,X,0,Yok
2022-10-09,2022,Premier League,Dynamo Kyiv,Rukh Vynnyky,3 - 0,1 - 0,1,3,Yok
2022-10-14,2022,Premier League,Minai,Veres Rivne,1 - 1,0 - 1,X,2,Evet
2022-10-15,2022,Premier League,FC Kharkiv,Lviv,2 - 2,2 - 1,X,4,Evet
2022-10-15,2022,Premier League,Metal Kharkiv,Vorskla Poltava,3 - 2,1 - 0,1,5,Evet
2022-10-16,2022,Premier League,Rukh Vynnyky,Dnipro-1,2 - 3,1 - 1,2,5,Evet
2022-10-16,2022,Premier League,Shakhtar Donetsk,Dynamo Kyiv,3 - 1,1 - 0,1,4,Evet
2022-10-18,2022,Premier League,Lviv,Veres Rivne,1 - 3,1 - 1,2,4,Evet
2022-10-18,2022,Premier League,Chornomorets,Zorya Luhansk,0 - 4,0 - 3,2,4,Yok
2022-10-18,2022,Premier League,Oleksandria,Hirnyk,2 - 0,1 - 0,1,2,Yok
2022-10-19,2022,Premier League,Vorskla Poltava,Rukh Vynnyky,0 - 1,0 - 1,2,1,Yok
2022-10-19,2022,Premier League,Dnipro-1,Inhulets,2 - 2,1 - 0,X,4,Evet
2022-10-19,2022,Premier League,FC Kharkiv,Minai,0 - 1,0 - 0,2,1,Yok
2022-10-19,2022,Premier League,Shakhtar Donetsk,Kolos Kovalivka,3 - 0,1 - 0,1,3,Yok
2022-10-22,2022,Premier League,Oleksandria,Lviv,2 - 0,1 - 0,1,2,Yok
2022-10-23,2022,Premier League,Dynamo Kyiv,Vorskla Poltava,1 - 1,1 - 1,X,2,Evet
2022-10-23,2022,Premier League,Veres Rivne,Zorya Luhansk,0 - 1,0 - 0,2,1,Yok
2022-10-23,2022,Premier League,Metal Kharkiv,Dnipro-1,0 - 1,0 - 0,2,1,Yok
2022-10-23,2022,Premier League,Rukh Vynnyky,FC Kharkiv,1 - 1,1 - 0,X,2,Evet
2022-10-24,2022,Premier League,Hirnyk,Inhulets,2 - 1,0 - 0,1,3,Evet
2022-10-24,2022,Premier League,Kolos Kovalivka,Chornomorets,1 - 1,0 - 1,X,2,Evet
2022-10-28,2022,Premier League,FC Kharkiv,Zorya Luhansk,0 - 3,0 - 2,2,3,Yok
2022-10-29,2022,Premier League,Vorskla Poltava,Minai,2 - 0,1 - 0,1,2,Yok
2022-10-29,2022,Premier League,Shakhtar Donetsk,Oleksandria,2 - 2,1 - 1,X,4,Evet
2022-10-30,2022,Premier League,Lviv,Metal Kharkiv,1 - 1,0 - 1,X,2,Evet
2022-10-30,2022,Premier League,Dnipro-1,Chornomorets,1 - 0,1 - 0,1,1,Yok
2022-10-30,2022,Premier League,Dynamo Kyiv,Hirnyk,3 - 1,2 - 1,1,4,Evet
2022-10-31,2022,Premier League,Kolos Kovalivka,Veres Rivne,2 - 0,0 - 0,1,2,Yok
2022-11-04,2022,Premier League,Vorskla Poltava,Lviv,1 - 0,0 - 0,1,1,Yok
2022-11-05,2022,Premier League,Zorya Luhansk,Metal Kharkiv,3 - 2,0 - 0,1,5,Evet
2022-11-05,2022,Premier League,Oleksandria,Kolos Kovalivka,4 - 1,1 - 0,1,5,Evet
2022-11-05,2022,Premier League,Shakhtar Donetsk,Inhulets,3 - 0,1 - 0,1,3,Yok
2022-11-05,2022,Premier League,FC Kharkiv,Veres Rivne,1 - 4,0 - 1,2,5,Evet
2022-11-06,2022,Premier League,Dnipro-1,Minai,3 - 1,0 - 0,1,4,Evet
2022-11-06,2022,Premier League,Chornomorets,Dynamo Kyiv,0 - 3,0 - 1,2,3,Yok
2022-11-06,2022,Premier League,Rukh Vynnyky,Hirnyk,2 - 1,0 - 0,1,3,Evet
2022-11-08,2022,Premier League,Inhulets,Zorya Luhansk,1 - 0,1 - 0,1,1,Yok
2022-11-08,2022,Premier League,Metal Kharkiv,FC Kharkiv,0 - 0,0 - 0,X,0,Yok
2022-11-09,2022,Premier League,Kolos Kovalivka,Dnipro-1,1 - 3,1 - 2,2,4,Evet
2022-11-09,2022,Premier League,Hirnyk,Vorskla Poltava,1 - 0,0 - 0,1,1,Yok
2022-11-09,2022,Premier League,Veres Rivne,Shakhtar Donetsk,0 - 2,0 - 1,2,2,Yok
2022-11-10,2022,Premier League,Lviv,Rukh Vynnyky,2 - 1,2 - 0,1,3,Evet
2022-11-10,2022,Premier League,Minai,Chornomorets,0 - 1,0 - 1,2,1,Yok
2022-11-10,2022,Premier League,Dynamo Kyiv,Oleksandria,3 - 1,1 - 0,1,4,Evet
2022-11-13,2022,Premier League,Vorskla Poltava,Dnipro-1,1 - 1,0 - 1,X,2,Evet
2022-11-13,2022,Premier League,Oleksandria,Veres Rivne,3 - 2,1 - 1,1,5,Evet
2022-11-13,2022,Premier League,Shakhtar Donetsk,Zorya Luhansk,2 - 2,1 - 1,X,4,Evet
2022-11-13,2022,Premier League,Dynamo Kyiv,Kolos Kovalivka,0 - 0,0 - 0,X,0,Yok
2022-11-13,2022,Premier League,FC Kharkiv,Inhulets,2 - 1,1 - 1,1,3,Evet
2022-11-14,2022,Premier League,Metal Kharkiv,Hirnyk,0 - 1,0 - 0,2,1,Yok
2022-11-14,2022,Premier League,Chornomorets,Lviv,2 - 0,0 - 0,1,2,Yok
2022-11-14,2022,Premier League,Rukh Vynnyky,Minai,1 - 1,1 - 0,X,2,Evet
2022-11-17,2022,Premier League,Inhulets,Dynamo Kyiv,1 - 2,0 - 2,2,3,Evet
2022-11-18,2022,Premier League,Zorya Luhansk,Oleksandria,4 - 1,0 - 0,1,5,Evet
2022-11-19,2022,Premier League,Dnipro-1,Shakhtar Donetsk,2 - 1,1 - 1,1,3,Evet
2022-11-19,2022,Premier League,Kolos Kovalivka,Vorskla Poltava,1 - 2,0 - 1,2,3,Evet
2022-11-20,2022,Premier League,Minai,Metal Kharkiv,1 - 0,0 - 0,1,1,Yok
2022-11-20,2022,Premier League,Hirnyk,FC Kharkiv,0 - 2,0 - 2,2,2,Yok
2022-11-21,2022,Premier League,Inhulets,Lviv,1 - 0,1 - 0,1,1,Yok
2022-11-21,2022,Premier League,Veres Rivne,Dynamo Kyiv,0 - 1,0 - 1,2,1,Yok
2022-11-23,2022,Premier League,Shakhtar Donetsk,Vorskla Poltava,3 - 2,1 - 0,1,5,Evet
2022-11-25,2022,Premier League,Chornomorets,Metal Kharkiv,0 - 0,0 - 0,X,0,Yok
2022-11-26,2022,Premier League,Inhulets,Veres Rivne,1 - 0,1 - 0,1,1,Yok
2022-11-26,2022,Premier League,Dynamo Kyiv,FC Kharkiv,0 - 0,0 - 0,X,0,Yok
2022-11-27,2022,Premier League,Lviv,Kolos Kovalivka,0 - 1,0 - 0,2,1,Yok
2022-11-27,2022,Premier League,Zorya Luhansk,Minai,1 - 1,0 - 0,X,2,Evet
2022-11-28,2022,Premier League,Oleksandria,Rukh Vynnyky,1 - 1,0 - 0,X,2,Evet
2022-11-28,2022,Premier League,Hirnyk,Dnipro-1,2 - 1,1 - 1,1,3,Evet
2022-11-30,2022,Premier League,Dynamo Kyiv,Metal Kharkiv,3 - 0,2 - 0,1,3,Yok
2022-12-01,2022,Premier League,Zorya Luhansk,Kolos Kovalivka,2 - 2,1 - 1,X,4,Evet
2022-12-02,2022,Premier League,Chornomorets,Hirnyk,0 - 1,0 - 1,2,1,Yok
2022-12-07,2022,Premier League,Rukh Vynnyky,Chornomorets,2 - 2,0 - 2,X,4,Evet
2023-02-27,2022,Premier League,Oleksandria,FC Kharkiv,3 - 3,1 - 2,X,6,Evet
2023-02-28,2022,Premier League,Minai,Shakhtar Donetsk,1 - 4,1 - 3,2,5,Evet
2023-03-03,2022,Premier League,Hirnyk,Kolos Kovalivka,1 - 0,0 - 0,1,1,Yok
2023-03-04,2022,Premier League,Oleksandria,Dnipro-1,2 - 2,1 - 1,X,4,Evet
2023-03-04,2022,Premier League,Dynamo Kyiv,Inhulets,0 - 2,0 - 2,2,2,Yok
2023-03-04,2022,Premier League,Veres Rivne,Chornomorets,1 - 3,0 - 1,2,4,Evet
2023-03-05,2022,Premier League,Vorskla Poltava,Zorya Luhansk,2 - 3,2 - 0,2,5,Evet
2023-03-05,2022,Premier League,Metal Kharkiv,Rukh Vynnyky,1 - 2,0 - 1,2,3,Evet
2023-03-05,2022,Premier League,FC Kharkiv,Shakhtar Donetsk,0 - 7,0 - 4,2,7,Yok
2023-03-06,2022,Premier League,Lviv,Minai,1 - 0,0 - 0,1,1,Yok
2023-03-11,2022,Premier League,Minai,Oleksandria,1 - 1,1 - 0,X,2,Evet
2023-03-11,2022,Premier League,Zorya Luhansk,Lviv,3 - 1,1 - 0,1,4,Evet
2023-03-11,2022,Premier League,Inhulets,Metal Kharkiv,2 - 1,1 - 0,1,3,Evet
2023-03-11,2022,Premier League,Chornomorets,FC Kharkiv,1 - 1,1 - 1,X,2,Evet
2023-03-12,2022,Premier League,Dnipro-1,Dynamo Kyiv,0 - 1,0 - 1,2,1,Yok
2023-03-12,2022,Premier League,Veres Rivne,Vorskla Poltava,2 - 2,0 - 1,X,4,Evet
2023-03-12,2022,Premier League,Hirnyk,Shakhtar Donetsk,0 - 3,0 - 0,2,3,Yok
2023-03-12,2022,Premier League,Rukh Vynnyky,Kolos Kovalivka,0 - 1,0 - 0,2,1,Yok
2023-03-17,2022,Premier League,Metal Kharkiv,Oleksandria,0 - 0,0 - 0,X,0,Yok
2023-03-18,2022,Premier League,Vorskla Poltava,FC Kharkiv,0 - 0,0 - 0,X,0,Yok
2023-03-18,2022,Premier League,Dynamo Kyiv,Zorya Luhansk,0 - 1,0 - 0,2,1,Yok
2023-03-18,2022,Premier League,Lviv,Hirnyk,2 - 2,0 - 1,X,4,Evet
2023-03-18,2022,Premier League,Veres Rivne,Dnipro-1,0 - 1,0 - 1,2,1,Yok
2023-03-19,2022,Premier League,Inhulets,Chornomorets,1 - 2,0 - 2,2,3,Evet
2023-03-19,2022,Premier League,Kolos Kovalivka,Minai,0 - 1,0 - 1,2,1,Yok
2023-03-19,2022,Premier League,Shakhtar Donetsk,Rukh Vynnyky,2 - 0,2 - 0,1,2,Yok
2023-04-01,2022,Premier League,Minai,Inhulets,1 - 2,1 - 0,2,3,Evet
2023-04-01,2022,Premier League,Metal Kharkiv,Kolos Kovalivka,0 - 0,0 - 0,X,0,Yok
2023-04-01,2022,Premier League,Veres Rivne,Hirnyk,1 - 2,0 - 0,2,3,Evet
2023-04-01,2022,Premier League,Oleksandria,Vorskla Poltava,3 - 0,2 - 0,1,3,Yok
2023-04-02,2022,Premier League,Lviv,Dynamo Kyiv,0 - 2,0 - 0,2,2,Yok
2023-04-02,2022,Premier League,FC Kharkiv,Dnipro-1,0 - 3,0 - 0,2,3,Yok
2023-04-02,2022,Premier League,Zorya Luhansk,Rukh Vynnyky,3 - 0,1 - 0,1,3,Yok
2023-04-02,2022,Premier League,Chornomorets,Shakhtar Donetsk,2 - 2,2 - 2,X,4,Evet
2023-04-07,2022,Premier League,Vorskla Poltava,Inhulets,1 - 0,0 - 0,1,1,Yok
2023-04-08,2022,Premier League,Dynamo Kyiv,Minai,2 - 0,1 - 0,1,2,Yok
2023-04-08,2022,Premier League,Shakhtar Donetsk,Metal Kharkiv,1 - 0,0 - 0,1,1,Yok
2023-04-08,2022,Premier League,Rukh Vynnyky,Veres Rivne,0 - 0,0 - 0,X,0,Yok
2023-04-08,2022,Premier League,Hirnyk,Zorya Luhansk,1 - 0,0 - 0,1,1,Yok
2023-04-09,2022,Premier League,Oleksandria,Chornomorets,1 - 1,0 - 1,X,2,Evet
2023-04-09,2022,Premier League,Dnipro-1,Lviv,5 - 2,3 - 0,1,7,Evet
2023-04-09,2022,Premier League,Kolos Kovalivka,FC Kharkiv,3 - 0,2 - 0,1,3,Yok
2023-04-12,2022,Premier League,Lviv,Shakhtar Donetsk,1 - 2,0 - 0,2,3,Evet
2023-04-14,2022,Premier League,Minai,Hirnyk,1 - 0,1 - 0,1,1,Yok
2023-04-14,2022,Premier League,Inhulets,Kolos Kovalivka,0 - 1,0 - 1,2,1,Yok
2023-04-14,2022,Premier League,Rukh Vynnyky,Dynamo Kyiv,1 - 1,1 - 1,X,2,Evet
2023-04-15,2022,Premier League,Metal Kharkiv,Veres Rivne,5 - 5,4 - 3,X,10,Evet
2023-04-15,2022,Premier League,Zorya Luhansk,Dnipro-1,2 - 1,0 - 0,1,3,Evet
2023-04-15,2022,Premier League,FC Kharkiv,Oleksandria,0 - 0,0 - 0,X,0,Yok
2023-04-16,2022,Premier League,Shakhtar Donetsk,Lviv,2 - 0,1 - 0,1,2,Yok
2023-04-16,2022,Premier League,Chornomorets,Vorskla Poltava,0 - 1,0 - 0,2,1,Yok
2023-04-19,2022,Premier League,Inhulets,Rukh Vynnyky,1 - 0,1 - 0,1,1,Yok
2023-04-21,2022,Premier League,Kolos Kovalivka,Zorya Luhansk,0 - 1,0 - 1,2,1,Yok
2023-04-22,2022,Premier League,Vorskla Poltava,Metal Kharkiv,3 - 2,3 - 1,1,5,Evet
2023-04-22,2022,Premier League,Veres Rivne,Minai,1 - 1,0 - 0,X,2,Evet
2023-04-22,2022,Premier League,Dynamo Kyiv,Shakhtar Donetsk,1 - 1,0 - 1,X,2,Evet
2023-04-23,2022,Premier League,Lviv,FC Kharkiv,0 - 2,0 - 1,2,2,Yok
2023-04-23,2022,Premier League,Hirnyk,Chornomorets,2 - 3,0 - 1,2,5,Evet
2023-04-24,2022,Premier League,Dnipro-1,Rukh Vynnyky,3 - 2,2 - 2,1,5,Evet
2023-04-24,2022,Premier League,Oleksandria,Inhulets,0 - 0,0 - 0,X,0,Yok
2023-04-28,2022,Premier League,Veres Rivne,Lviv,3 - 2,2 - 2,1,5,Evet
2023-04-28,2022,Premier League,Metal Kharkiv,Dynamo Kyiv,1 - 3,0 - 0,2,4,Evet
2023-04-28,2022,Premier League,Kolos Kovalivka,Shakhtar Donetsk,1 - 3,1 - 0,2,4,Evet
2023-04-29,2022,Premier League,Zorya Luhansk,Chornomorets,3 - 1,2 - 1,1,4,Evet
2023-04-29,2022,Premier League,Minai,FC Kharkiv,1 - 1,0 - 0,X,2,Evet
2023-04-29,2022,Premier League,Inhulets,Dnipro-1,0 - 2,0 - 0,2,2,Yok
2023-04-29,2022,Premier League,Rukh Vynnyky,Vorskla Poltava,1 - 1,0 - 0,X,2,Evet
2023-04-29,2022,Premier League,Hirnyk,Oleksandria,2 - 1,0 - 0,1,3,Evet
2023-05-03,2022,Premier League,Shakhtar Donetsk,Minai,1 - 0,1 - 0,1,1,Yok
2023-05-03,2022,Premier League,Dnipro-1,Metal Kharkiv,5 - 0,3 - 0,1,5,Yok
2023-05-03,2022,Premier League,Lviv,Oleksandria,0 - 1,0 - 1,2,1,Yok
2023-05-03,2022,Premier League,Zorya Luhansk,Veres Rivne,1 - 0,0 - 0,1,1,Yok
2023-05-03,2022,Premier League,Chornomorets,Kolos Kovalivka,3 - 0,1 - 0,1,3,Yok
2023-05-04,2022,Premier League,Inhulets,Hirnyk,0 - 0,0 - 0,X,0,Yok
2023-05-04,2022,Premier League,FC Kharkiv,Rukh Vynnyky,0 - 0,0 - 0,X,0,Yok
2023-05-04,2022,Premier League,Vorskla Poltava,Dynamo Kyiv,1 - 2,1 - 1,2,3,Evet
2023-05-07,2022,Premier League,Chornomorets,Dnipro-1,1 - 2,0 - 0,2,3,Evet
2023-05-07,2022,Premier League,Metal Kharkiv,Lviv,1 - 0,0 - 0,1,1,Yok
2023-05-07,2022,Premier League,Oleksandria,Shakhtar Donetsk,1 - 1,1 - 0,X,2,Evet
2023-05-08,2022,Premier League,Hirnyk,Dynamo Kyiv,0 - 1,0 - 0,2,1,Yok
2023-05-08,2022,Premier League,Minai,Vorskla Poltava,2 - 0,1 - 0,1,2,Yok
2023-05-08,2022,Premier League,Rukh Vynnyky,Inhulets,3 - 0,1 - 0,1,3,Yok
2023-05-08,2022,Premier League,Veres Rivne,Kolos Kovalivka,0 - 1,0 - 1,2,1,Yok
2023-05-08,2022,Premier League,Zorya Luhansk,FC Kharkiv,3 - 0,1 - 0,1,3,Yok
2023-05-11,2022,Premier League,Dnipro-1,Oleksandria,1 - 1,1 - 1,X,2,Evet
2023-05-13,2022,Premier League,Dynamo Kyiv,Chornomorets,2 - 3,0 - 2,2,5,Evet
2023-05-13,2022,Premier League,Inhulets,Shakhtar Donetsk,0 - 2,0 - 0,2,2,Yok
2023-05-14,2022,Premier League,Lviv,Vorskla Poltava,0 - 2,0 - 0,2,2,Yok
2023-05-14,2022,Premier League,Metal Kharkiv,Zorya Luhansk,0 - 5,0 - 4,2,5,Yok
2023-05-14,2022,Premier League,Veres Rivne,FC Kharkiv,1 - 0,0 - 0,1,1,Yok
2023-05-14,2022,Premier League,Hirnyk,Rukh Vynnyky,1 - 0,0 - 0,1,1,Yok
2023-05-15,2022,Premier League,Minai,Dnipro-1,0 - 1,0 - 0,2,1,Yok
2023-05-15,2022,Premier League,Kolos Kovalivka,Oleksandria,0 - 2,0 - 2,2,2,Yok
2023-05-19,2022,Premier League,Dnipro-1,Kolos Kovalivka,2 - 1,0 - 1,1,3,Evet
2023-05-19,2022,Premier League,Vorskla Poltava,Hirnyk,1 - 0,0 - 0,1,1,Yok
2023-05-19,2022,Premier League,Shakhtar Donetsk,Veres Rivne,2 - 1,1 - 0,1,3,Evet
2023-05-20,2022,Premier League,Chornomorets,Minai,0 - 1,0 - 0,2,1,Yok
2023-05-20,2022,Premier League,Zorya Luhansk,Inhulets,2 - 0,1 - 0,1,2,Yok
2023-05-20,2022,Premier League,Oleksandria,Dynamo Kyiv,1 - 5,1 - 2,2,6,Evet
2023-05-21,2022,Premier League,FC Kharkiv,Metal Kharkiv,2 - 0,0 - 0,1,2,Yok
2023-05-21,2022,Premier League,Rukh Vynnyky,Lviv,2 - 0,0 - 0,1,2,Yok
2023-05-24,2022,Premier League,Dnipro-1,Vorskla Poltava,1 - 2,1 - 2,2,3,Evet
2023-05-24,2022,Premier League,Kolos Kovalivka,Dynamo Kyiv,0 - 3,0 - 1,2,3,Yok
2023-05-24,2022,Premier League,Veres Rivne,Oleksandria,2 - 2,1 - 2,X,4,Evet
2023-05-24,2022,Premier League,Zorya Luhansk,Shakhtar Donetsk,0 - 3,0 - 1,2,3,Yok
2023-05-25,2022,Premier League,Minai,Rukh Vynnyky,0 - 0,0 - 0,X,0,Yok
2023-05-25,2022,Premier League,Lviv,Chornomorets,0 - 1,0 - 1,2,1,Yok
2023-05-25,2022,Premier League,Inhulets,FC Kharkiv,0 - 0,0 - 0,X,0,Yok
2023-05-25,2022,Premier League,Hirnyk,Metal Kharkiv,2 - 0,1 - 0,1,2,Yok
2023-05-28,2022,Premier League,Shakhtar Donetsk,Dnipro-1,3 - 0,1 - 0,1,3,Yok
2023-05-28,2022,Premier League,Oleksandria,Zorya Luhansk,0 - 2,0 - 2,2,2,Yok
2023-05-29,2022,Premier League,Dynamo Kyiv,Veres Rivne,3 - 0,0 - 0,1,3,Yok
2023-05-29,2022,Premier League,Vorskla Poltava,Kolos Kovalivka,2 - 0,0 - 0,1,2,Yok
2023-05-29,2022,Premier League,Chornomorets,Rukh Vynnyky,1 - 3,1 - 2,2,4,Evet
2023-05-29,2022,Premier League,Lviv,Inhulets,0 - 2,0 - 0,2,2,Yok
2023-05-29,2022,Premier League,FC Kharkiv,Hirnyk,0 - 2,0 - 0,2,2,Yok
2023-05-29,2022,Premier League,Metal Kharkiv,Minai,1 - 2,1 - 0,2,3,Evet
2023-06-04,2022,Premier League,Vorskla Poltava,Shakhtar Donetsk,2 - 1,1 - 0,1,3,Evet
2023-06-04,2022,Premier League,Dnipro-1,Hirnyk,1 - 0,0 - 0,1,1,Yok
2023-06-04,2022,Premier League,Kolos Kovalivka,Lviv,1 - 0,1 - 0,1,1,Yok
2023-06-04,2022,Premier League,FC Kharkiv,Dynamo Kyiv,1 - 1,1 - 1,X,2,Evet
2023-06-04,2022,Premier League,Rukh Vynnyky,Oleksandria,0 - 0,0 - 0,X,0,Yok
2023-06-04,2022,Premier League,Minai,Zorya Luhansk,0 - 3,0 - 2,2,3,Yok
2023-06-04,2022,Premier League,Veres Rivne,Inhulets,1 - 0,0 - 0,1,1,Yok
2023-06-04,2022,Premier League,Metal Kharkiv,Chornomorets,0 - 3,0 - 0,2,3,Yok
2023-06-10,2022,Premier League,Inhulets,LNZ Cherkasy,1 - 1,0 - 0,X,2,Evet
2023-06-10,2022,Premier League,Metalurh Zaporizhya,Veres Rivne,1 - 0,1 - 0,1,1,Yok
2023-06-14,2022,Premier League,Veres Rivne,Metalurh Zaporizhya,6 - 1,3 - 0,1,7,Evet
2023-06-14,2022,Premier League,LNZ Cherkasy,Inhulets,2 - 1,2 - 0,1,3,Evet
2021-07-23,2021,Premier League,Lviv,FC Mariupol,1 - 1,1 - 1,X,2,Evet
2021-07-24,2021,Premier League,Veres Rivne,Kolos Kovalivka,0 - 0,0 - 0,X,0,Yok
2021-07-24,2021,Premier League,Shakhtar Donetsk,Inhulets,2 - 1,2 - 0,1,3,Evet
2021-07-25,2021,Premier League,FC Kharkiv,Rukh Vynnyky,2 - 1,2 - 0,1,3,Evet
2021-07-25,2021,Premier League,Zorya Luhansk,Oleksandria,0 - 1,0 - 1,2,1,Yok
2021-07-25,2021,Premier League,Desna,Chornomorets,3 - 0,0 - 0,1,3,Yok
2021-07-26,2021,Premier League,Vorskla Poltava,Dnipro-1,2 - 2,1 - 0,X,4,Evet
2021-07-30,2021,Premier League,Lviv,Shakhtar Donetsk,0 - 3,0 - 0,2,3,Yok
2021-07-30,2021,Premier League,Kolos Kovalivka,FC Kharkiv,1 - 0,0 - 0,1,1,Yok
2021-07-31,2021,Premier League,Minai,Oleksandria,1 - 0,0 - 0,1,1,Yok
2021-07-31,2021,Premier League,Chornomorets,Dnipro-1,0 - 3,0 - 1,2,3,Yok
2021-08-01,2021,Premier League,FC Mariupol,Desna,1 - 2,0 - 0,2,3,Evet
2021-08-01,2021,Premier League,Dynamo Kyiv,Veres Rivne,4 - 0,3 - 0,1,4,Yok
2021-08-01,2021,Premier League,Vorskla Poltava,Rukh Vynnyky,2 - 0,1 - 0,1,2,Yok
2021-08-02,2021,Premier League,Inhulets,Zorya Luhansk,1 - 5,0 - 2,2,6,Evet
2021-08-06,2021,Premier League,FC Kharkiv,Chornomorets,3 - 2,1 - 2,1,5,Evet
2021-08-07,2021,Premier League,Rukh Vynnyky,Veres Rivne,2 - 1,2 - 1,1,3,Evet
2021-08-07,2021,Premier League,Shakhtar Donetsk,Oleksandria,1 - 2,1 - 2,2,3,Evet
2021-08-07,2021,Premier League,Dnipro-1,FC Mariupol,2 - 1,2 - 0,1,3,Evet
2021-08-08,2021,Premier League,Zorya Luhansk,Dynamo Kyiv,1 - 2,0 - 1,2,3,Evet
2021-08-08,2021,Premier League,Vorskla Poltava,Lviv,4 - 1,3 - 0,1,5,Evet
2021-08-09,2021,Premier League,Desna,Inhulets,2 - 0,0 - 0,1,2,Yok
2021-08-11,2021,Premier League,Dynamo Kyiv,Minai,2 - 0,2 - 0,1,2,Yok
2021-08-13,2021,Premier League,Shakhtar Donetsk,FC Kharkiv,2 - 0,0 - 0,1,2,Yok
2021-08-14,2021,Premier League,Veres Rivne,Vorskla Poltava,1 - 1,0 - 0,X,2,Evet
2021-08-14,2021,Premier League,Zorya Luhansk,Minai,1 - 1,0 - 0,X,2,Evet
2021-08-14,2021,Premier League,Desna,Dnipro-1,2 - 1,1 - 0,1,3,Evet
2021-08-15,2021,Premier League,Kolos Kovalivka,Rukh Vynnyky,1 - 1,0 - 1,X,2,Evet
2021-08-15,2021,Premier League,Lviv,Oleksandria,1 - 1,1 - 0,X,2,Evet
2021-08-16,2021,Premier League,FC Mariupol,Chornomorets,2 - 3,1 - 1,2,5,Evet
2021-08-18,2021,Premier League,Inhulets,Dynamo Kyiv,1 - 1,0 - 0,X,2,Evet
2021-08-20,2021,Premier League,Vorskla Poltava,FC Kharkiv,2 - 0,1 - 0,1,2,Yok
2021-08-21,2021,Premier League,Veres Rivne,Minai,1 - 0,0 - 0,1,1,Yok
2021-08-21,2021,Premier League,Chornomorets,Shakhtar Donetsk,0 - 3,0 - 2,2,3,Yok
2021-08-21,2021,Premier League,Dnipro-1,Rukh Vynnyky,2 - 0,2 - 0,1,2,Yok
2021-08-22,2021,Premier League,FC Mariupol,Zorya Luhansk,3 - 4,0 - 3,2,7,Evet
2021-08-22,2021,Premier League,Kolos Kovalivka,Oleksandria,0 - 1,0 - 0,2,1,Yok
2021-08-22,2021,Premier League,Dynamo Kyiv,Desna,4 - 0,2 - 0,1,4,Yok
2021-08-23,2021,Premier League,Lviv,Inhulets,1 - 2,1 - 0,2,3,Evet
2021-08-27,2021,Premier League,Chornomorets,Oleksandria,2 - 2,0 - 0,X,4,Evet
2021-08-28,2021,Premier League,Inhulets,FC Mariupol,3 - 0,1 - 0,1,3,Yok
2021-08-28,2021,Premier League,FC Kharkiv,Dnipro-1,1 - 2,1 - 0,2,3,Evet
2021-08-28,2021,Premier League,Dynamo Kyiv,Kolos Kovalivka,7 - 0,6 - 0,1,7,Yok
2021-08-29,2021,Premier League,Desna,Veres Rivne,0 - 4,0 - 4,2,4,Yok
2021-08-29,2021,Premier League,Minai,Shakhtar Donetsk,1 - 1,0 - 1,X,2,Evet
2021-08-29,2021,Premier League,Zorya Luhansk,Vorskla Poltava,1 - 0,0 - 0,1,1,Yok
2021-08-29,2021,Premier League,Rukh Vynnyky,Lviv,1 - 0,0 - 0,1,1,Yok
2021-09-10,2021,Premier League,Oleksandria,Inhulets,1 - 0,0 - 0,1,1,Yok
2021-09-11,2021,Premier League,Rukh Vynnyky,Zorya Luhansk,1 - 1,1 - 0,X,2,Evet
2021-09-11,2021,Premier League,FC Kharkiv,Dynamo Kyiv,0 - 2,0 - 0,2,2,Yok
2021-09-11,2021,Premier League,Shakhtar Donetsk,Dnipro-1,2 - 0,1 - 0,1,2,Yok
2021-09-12,2021,Premier League,Minai,Chornomorets,2 - 2,1 - 0,X,4,Evet
2021-09-12,2021,Premier League,Kolos Kovalivka,FC Mariupol,1 - 3,0 - 2,2,4,Evet
2021-09-12,2021,Premier League,Vorskla Poltava,Desna,2 - 2,2 - 2,X,4,Evet
2021-09-13,2021,Premier League,Veres Rivne,Lviv,1 - 0,0 - 0,1,1,Yok
2021-09-17,2021,Premier League,Desna,Rukh Vynnyky,1 - 0,0 - 0,1,1,Yok
2021-09-18,2021,Premier League,Inhulets,Kolos Kovalivka,0 - 2,0 - 1,2,2,Yok
2021-09-18,2021,Premier League,FC Mariupol,Shakhtar Donetsk,0 - 5,0 - 2,2,5,Yok
2021-09-18,2021,Premier League,Dnipro-1,Veres Rivne,1 - 0,0 - 0,1,1,Yok
2021-09-18,2021,Premier League,Dynamo Kyiv,Oleksandria,1 - 0,0 - 0,1,1,Yok
2021-09-19,2021,Premier League,Vorskla Poltava,Minai,2 - 0,1 - 0,1,2,Yok
2021-09-19,2021,Premier League,Zorya Luhansk,Chornomorets,3 - 0,2 - 0,1,3,Yok
2021-09-19,2021,Premier League,Lviv,FC Kharkiv,0 - 0,0 - 0,X,0,Yok
2021-09-24,2021,Premier League,Kolos Kovalivka,Vorskla Poltava,0 - 1,0 - 1,2,1,Yok
2021-09-25,2021,Premier League,Oleksandria,FC Mariupol,2 - 1,1 - 1,1,3,Evet
2021-09-25,2021,Premier League,Shakhtar Donetsk,Veres Rivne,4 - 1,1 - 1,1,5,Evet
2021-09-25,2021,Premier League,Rukh Vynnyky,Dynamo Kyiv,0 - 2,0 - 2,2,2,Yok
2021-09-26,2021,Premier League,Minai,Lviv,1 - 2,1 - 1,2,3,Evet
2021-09-26,2021,Premier League,Dnipro-1,Zorya Luhansk,0 - 4,0 - 1,2,4,Yok
2021-09-26,2021,Premier League,Desna,FC Kharkiv,1 - 2,1 - 1,2,3,Evet
2021-09-27,2021,Premier League,Chornomorets,Inhulets,1 - 1,1 - 0,X,2,Evet
2021-10-01,2021,Premier League,FC Mariupol,Rukh Vynnyky,0 - 2,0 - 2,2,2,Yok
2021-10-02,2021,Premier League,Kolos Kovalivka,Chornomorets,2 - 1,1 - 1,1,3,Evet
2021-10-02,2021,Premier League,Lviv,Dnipro-1,0 - 1,0 - 1,2,1,Yok
2021-10-02,2021,Premier League,Vorskla Poltava,Inhulets,3 - 0,0 - 0,1,3,Yok
2021-10-03,2021,Premier League,Veres Rivne,Oleksandria,0 - 0,0 - 0,X,0,Yok
2021-10-03,2021,Premier League,Zorya Luhansk,Desna,2 - 0,1 - 0,1,2,Yok
2021-10-03,2021,Premier League,FC Kharkiv,Minai,1 - 0,0 - 0,1,1,Yok
2021-10-03,2021,Premier League,Dynamo Kyiv,Shakhtar Donetsk,0 - 0,0 - 0,X,0,Yok
2021-10-15,2021,Premier League,Shakhtar Donetsk,Zorya Luhansk,6 - 1,3 - 0,1,7,Evet
2021-10-16,2021,Premier League,FC Mariupol,FC Kharkiv,1 - 2,1 - 0,2,3,Evet
2021-10-16,2021,Premier League,Lviv,Dynamo Kyiv,1 - 4,1 - 2,2,5,Evet
2021-10-16,2021,Premier League,Dnipro-1,Kolos Kovalivka,2 - 0,2 - 0,1,2,Yok
2021-10-17,2021,Premier League,Minai,Desna,0 - 0,0 - 0,X,0,Yok
2021-10-17,2021,Premier League,Oleksandria,Vorskla Poltava,1 - 2,0 - 2,2,3,Evet
2021-10-18,2021,Premier League,Chornomorets,Veres Rivne,0 - 1,0 - 1,2,1,Yok
2021-10-22,2021,Premier League,Desna,Oleksandria,1 - 1,1 - 1,X,2,Evet
2021-10-22,2021,Premier League,FC Kharkiv,Inhulets,4 - 0,1 - 0,1,4,Yok
2021-10-23,2021,Premier League,Veres Rivne,FC Mariupol,2 - 0,0 - 0,1,2,Yok
2021-10-23,2021,Premier League,Vorskla Poltava,Shakhtar Donetsk,0 - 2,0 - 0,2,2,Yok
2021-10-23,2021,Premier League,Chornomorets,Lviv,1 - 1,0 - 0,X,2,Evet
2021-10-24,2021,Premier League,Rukh Vynnyky,Minai,2 - 2,0 - 1,X,4,Evet
2021-10-24,2021,Premier League,Dynamo Kyiv,Dnipro-1,2 - 0,0 - 0,1,2,Yok
2021-10-24,2021,Premier League,Zorya Luhansk,Kolos Kovalivka,1 - 0,1 - 0,1,1,Yok
2021-10-30,2021,Premier League,FC Mariupol,Dynamo Kyiv,2 - 3,1 - 2,2,5,Evet
2021-10-30,2021,Premier League,Shakhtar Donetsk,Desna,4 - 1,2 - 1,1,5,Evet
2021-10-30,2021,Premier League,Inhulets,Veres Rivne,0 - 0,0 - 0,X,0,Yok
2021-10-31,2021,Premier League,Kolos Kovalivka,Lviv,0 - 1,0 - 0,2,1,Yok
2021-10-31,2021,Premier League,Rukh Vynnyky,Oleksandria,0 - 0,0 - 0,X,0,Yok
2021-10-31,2021,Premier League,FC Kharkiv,Zorya Luhansk,1 - 6,1 - 2,2,7,Evet
2021-11-01,2021,Premier League,Dnipro-1,Minai,4 - 0,3 - 0,1,4,Yok
2021-11-01,2021,Premier League,Vorskla Poltava,Chornomorets,0 - 0,0 - 0,X,0,Yok
2021-11-05,2021,Premier League,Oleksandria,FC Kharkiv,2 - 0,1 - 0,1,2,Yok
2021-11-06,2021,Premier League,Minai,FC Mariupol,0 - 2,0 - 1,2,2,Yok
2021-11-06,2021,Premier League,Dynamo Kyiv,Vorskla Poltava,1 - 2,0 - 1,2,3,Evet
2021-11-06,2021,Premier League,Chornomorets,Rukh Vynnyky,4 - 3,2 - 0,1,7,Evet
2021-11-07,2021,Premier League,Inhulets,Dnipro-1,0 - 1,0 - 1,2,1,Yok
2021-11-07,2021,Premier League,Zorya Luhansk,Veres Rivne,3 - 0,0 - 0,1,3,Yok
2021-11-07,2021,Premier League,Kolos Kovalivka,Shakhtar Donetsk,1 - 3,1 - 2,2,4,Evet
2021-11-07,2021,Premier League,Lviv,Desna,0 - 2,0 - 0,2,2,Yok
2021-11-19,2021,Premier League,Chornomorets,Dynamo Kyiv,1 - 6,1 - 3,2,7,Evet
2021-11-20,2021,Premier League,Lviv,Zorya Luhansk,2 - 1,2 - 0,1,3,Evet
2021-11-20,2021,Premier League,Shakhtar Donetsk,Rukh Vynnyky,2 - 0,0 - 0,1,2,Yok
2021-11-20,2021,Premier League,Dnipro-1,Oleksandria,3 - 1,3 - 1,1,4,Evet
2021-11-21,2021,Premier League,Minai,Inhulets,2 - 2,2 - 1,X,4,Evet
2021-11-21,2021,Premier League,Vorskla Poltava,FC Mariupol,5 - 1,2 - 0,1,6,Evet
2021-11-21,2021,Premier League,Desna,Kolos Kovalivka,0 - 1,0 - 0,2,1,Yok
2021-11-22,2021,Premier League,Veres Rivne,FC Kharkiv,2 - 0,1 - 0,1,2,Yok
2021-11-24,2021,Premier League,Minai,Kolos Kovalivka,1 - 1,0 - 0,X,2,Evet
2021-11-26,2021,Premier League,FC Mariupol,Lviv,0 - 1,0 - 0,2,1,Yok
2021-11-27,2021,Premier League,Minai,Dynamo Kyiv,0 - 2,0 - 1,2,2,Yok
2021-11-27,2021,Premier League,Chornomorets,Desna,0 - 1,0 - 1,2,1,Yok
2021-11-27,2021,Premier League,Dnipro-1,Vorskla Poltava,5 - 1,1 - 0,1,6,Evet
2021-11-28,2021,Premier League,Inhulets,Shakhtar Donetsk,0 - 1,0 - 1,2,1,Yok
2021-11-28,2021,Premier League,Rukh Vynnyky,FC Kharkiv,2 - 0,1 - 0,1,2,Yok
2021-11-28,2021,Premier League,Kolos Kovalivka,Veres Rivne,1 - 0,0 - 0,1,1,Yok
2021-11-29,2021,Premier League,Oleksandria,Zorya Luhansk,0 - 1,0 - 1,2,1,Yok
2021-12-03,2021,Premier League,Shakhtar Donetsk,Lviv,6 - 1,1 - 1,1,7,Evet
2021-12-04,2021,Premier League,Veres Rivne,Dynamo Kyiv,0 - 3,0 - 1,2,3,Yok
2021-12-04,2021,Premier League,Rukh Vynnyky,Vorskla Poltava,0 - 0,0 - 0,X,0,Yok
2021-12-04,2021,Premier League,FC Kharkiv,Kolos Kovalivka,0 - 1,0 - 1,2,1,Yok
2021-12-05,2021,Premier League,Zorya Luhansk,Inhulets,1 - 0,0 - 0,1,1,Yok
2021-12-05,2021,Premier League,Oleksandria,Minai,3 - 0,2 - 0,1,3,Yok
2021-12-05,2021,Premier League,Desna,FC Mariupol,3 - 3,0 - 1,X,6,Evet
2021-12-06,2021,Premier League,Dnipro-1,Chornomorets,3 - 1,1 - 1,1,4,Evet
2021-12-10,2021,Premier League,FC Mariupol,Dnipro-1,0 - 3,0 - 1,2,3,Yok
2021-12-10,2021,Premier League,Inhulets,Desna,2 - 1,1 - 0,1,3,Evet
2021-12-11,2021,Premier League,Oleksandria,Shakhtar Donetsk,1 - 2,0 - 0,2,3,Evet
2021-12-11,2021,Premier League,Veres Rivne,Rukh Vynnyky,1 - 1,0 - 0,X,2,Evet
2021-12-11,2021,Premier League,Lviv,Vorskla Poltava,1 - 1,0 - 0,X,2,Evet
2021-12-12,2021,Premier League,Chornomorets,FC Kharkiv,2 - 1,2 - 0,1,3,Evet
2021-12-12,2021,Premier League,Dynamo Kyiv,Zorya Luhansk,1 - 1,1 - 0,X,2,Evet
2021-12-12,2021,Premier League,Kolos Kovalivka,Minai,2 - 1,0 - 1,1,3,Evet
